DATA_MANAGE_NO,DATA_TITLE_NM,THEME_NM,LWPRT_THEME_NM,CL_NM,LWPRT_CL_NM,SBJT_NM,MIDDL_SBJT_NM,SUMRY_CN,MAIN_THUMB_URL,CNTNTS_URL,CTPRVN_NM,SIGNGU_NM,ADDR,CTLSTT_LA,CTLSTT_LO,REGIST_DE,CORE_KWRD_CN,OPN_DE,media_type,REFINED_KWRD_CN,IS_STORY,media_subtype
10612,예약제로 관람할 수 있는 의정부 서계 박세당 사랑채,생활문화,한국의 가옥,생활과 민속,생활,경기도의 가옥,반가(양반집),"당쟁에 혐오를 느낀 박세당은 40세에 관료 생활을 청산하고 의정부시 장암동에 내려와서 직접 농사를 짓고 학문을 연구하며 제자들을 가르쳤다. 서계 박세당 고택은 안채를 비롯한 안사랑, 바깥사랑, 행랑채로 이루어진 사대부가의 주택이었다. 한국전쟁 당시 대부분 불에 타버렸으며, 지금 남아 있는 것은 바깥사랑채뿐이다. 서계 박세당 사랑채는 경기도문화재자료 제93호로 지정되었다.",https://minio.nculture.org/amsweb-opt/multimedia_assets/225/72625/66733/c/%EA%B2%BD%EA%B8%B0%EC%9D%98%EC%A0%95%EB%B6%80%EC%8B%9C-%EC%84%9C%EA%B3%84%EB%B0%95%EC%84%B8%EB%8B%B9%EC%82%AC%EB%9E%91%EC%B1%84-%EB%82%B4%EB%B6%80-%282%29-thumb.jpg,https://ncms.nculture.org/house/story/4894,경기도,의정부시,경기도 의정부시 동일로128번길 36,37.69977952,127.057643,20200613,"박세당, 사랑채, 의정부 서계, 서계 박세당 고택, 경기도 문화재",20221230,image,,N,image
10613,"조선 중기 청백리의 표상, 광명 오리 이원익 종택",생활문화,한국의 가옥,생활과 민속,생활,경기도의 가옥,종가(종갓집),"오리 이원익 종택은 경기도 광명시 소하2동 영당말에 있다. 오리 이원익은 조선시대 영의정을 역임하였으며 청백리의 표상으로 존경받고 있다. 오리 이원익 종택은 본래 2칸 초가집이었으나 비가 샌다는 소리에 인조 임금이 관감정을 지어 하사했다. 관감정은 지금은 관감당이 되었다. 오리 이원익 종택은 현대식으로 개조한 곳도 있으나, 20세기 경기지역 살림집의 모습을 잘 보존했다는 평가를 받는다.",https://minio.nculture.org/amsweb-opt/multimedia_assets/52/85747/92947/c/광명-이원익종택-(1)_rev-thumb.jpg,https://ncms.nculture.org/house/story/4897,경기도,광명시,경기 광명시 오리로347번길 5-6 (소하동),37.4339273,126.8777258,20200613,"청백리, 광명 가옥, 이원익 종택, 인조, 오리 이원익",20221230,image,전통가옥; 역사/인물,N,image
10614,동학군의 근거지였던 백산성,역사문화유산,한국의 관방문화,문화유산,건축유적,전라북도 관방유적,성곽,백산성은 사적 제409호로 고부와 부안으로 갈라지는 백산면 용계리 해발 47.4m의 낮은 산 위에 있다. 이 성은 언제 축조되었는지는 명확하지 않지만 백제가 멸망한 후 백제부흥군이 일본에 있던 왕자 부여풍을 맞아 왕으로 세우고 최후 항쟁을 하였던 곳이다. 또한 백산성은 1894년 갑오동학농민항쟁 때 동학군이 일어났던 역사적인 산성이기도 하다. 이 성은 토성으로 알려져 있으며 백산 정상부를 감싸고 축조되어 있다.,https://minio.nculture.org/amsweb-opt/3ds/65/84670/84670_thumbnail.jpg,https://ncms.nculture.org/fortress/story/4937,전라북도,부안군,전북 부안군 백산면 용계리 산8-1번지,35.72006124,126.8066255,20200622,"산성, 백제부흥군, 동학, 백산, 부여풍",20221230,image,,N,image
10615,꽃담과 미닫이문 창살이 아름다운 성북동 이종석 별장,생활문화,한국의 가옥,생활과 민속,생활,서울의 가옥,민가(서민집),"서울 성북구 성북동에는 새우젓 장사로 부자가 된 이종석의 여름 별장이 있다. 이 별장은 1900년대에 건축한 것으로 추정되며, 현재는 덕수교회의 수양관으로 사용되고 있다. 거부의 별장답게 회색벽돌 꽃담, 마루로 연결된 미닫이문 창살, 늘어진 처마선과 마당의 갖가지 수목이 조화를 이루어 아름답다.",https://minio.nculture.org/amsweb-opt/multimedia_assets/68/85763/93089/c/이종석별장-(1)_rev-thumb.jpg,https://ncms.nculture.org/house/story/4945,서울특별시,성북구,서울특별시 성북구 성북로 131,37.5941126,126.9944686,20200622,"성북동, 이종석 별장, 마포 새우젓 장사, 여름 별장, 덕수교회",20221230,image,,N,image
10616,민중의 모습을 새긴 소고리 마애불,역사문화유산,한국의 석조문화,문화유산,조각,불교 석조문화,석불,"소고리에 위치한 마애불은 단독의 마애여래좌상 1구와 그 아래 시대를 달리하는 삼존불좌상으로 이루어져 있다. 이곳 소고리는 경기도와 고려시대 개경을 연결하는 교통요지에 해당하는 곳으로, 전통적으로 중요 교통로 상에 사찰을 창건하고 불탑과 불상을 조성했던 전통에 따라 조성된 것으로 추정된다. 소고리 마애불상군은 마애여래좌상은 고려 중기 제작, 삼존불은 민간신앙과 불교가 결합된 형태의 조각상으로 불상의 개념보다는 민간신앙적 성격이 농후하다.",https://minio.nculture.org/amsweb-opt/multimedia_assets/234/72368/65358/c/이천-소고리-마애여래좌상_문화재청_제1유형-thumb.jpg,https://ncms.nculture.org/stonecraft/story/4999,경기도,이천시,경기도 이천시 모가면 진상미로 1295,37.17169942,127.4801748,20200624,"마애불, 이천 소고리, 마애여래좌상, 마애삼존불좌상",20221230,image,불교/문화유산,N,image
10617,고려의 평안을 염원하는 사천 흥사리 매향비,역사문화유산,한국의 기록문화,문화유산,기타,경상도 대구 울산 부산의 기록문화,금석자료,"경상남도 사천시 곤양면 흥사리에는 고려 말기에 세워진 사천 흥사리 매향비가 있다. 매향비는 향나무를 갯벌에 묻은 후 그 사연을 돌에 새겨 주변에 세운 비석을 말한다. 힘들고 고된 삶을 사는 민중들이 미륵세계를 염원하는 미륵신앙과 관련되어 있다. 사천 흥사리 매향비에는 4,100명의 사람들이 모여 나라의 태평과 백성의 평안을 기원하며 매향 의식을 치렀음이 기록되어 있다.",https://minio.nculture.org/amsweb-opt/multimedia_assets/245/72379/68345/c/%EC%82%AC%EC%B2%9C-%ED%9D%A5%EC%82%AC%EB%A6%AC-%EB%A7%A4%ED%96%A5%EB%B9%84%EB%AC%B8_%EB%AC%B8%ED%99%94%EC%9E%AC%EC%B2%AD_%EC%A0%9C1%EC%9C%A0%ED%98%95-thumb.jpg,https://ncms.nculture.org/archival/story/5020,경상남도,사천시,경남 사천시 곤양면 흥사리 836,35.08659396,128.0149624,20200626,"매향, 매향비, 미륵불, 침향, 미륵세계",20221230,image,,N,image
10618,왕건의 여덟째 아들 욱이 묻혔다는 경남 사천의 성황당산성,역사문화유산,한국의 관방문화,문화유산,건축유적,경상남도 관방유적,성곽,"경상남도 사천시 정동면 예수리에 소재한 성황당산 정상부에 성황당산성이 있다. 성황당산성은 삼국시대 만들어진 것으로 추정하며, 사천읍성이 만들어지기 전까지 읍성의 역할을 했던 곳이다. 이 산성이 있는 주변 마을에는 성황당산성 안에 왕건의 여덟째 아들인 왕욱의 무덤이 있었다는 이야기가 전해진다. 산성 안에 서낭신을 모시는 성황당이 있고, 이곳에서 매년 사천시민의 평안과 사천시의 발전을 기원하는 ‘성화당산성 산신제’가 열린다.",https://minio.nculture.org/amsweb-opt/multimedia_assets/108/73320/71688/c/왕건의-여덟째-아들-욱이-묻혔다는-경남-사천의-성황당산성-thumb.jpg,https://ncms.nculture.org/fortress/story/5066,경상남도,사천시,경남 사천시 정동면 예수리 산 45-1,35.05761627,128.0987651,20200629,"고읍성, 왕욱, 헌종, 왕건, 사천, 성황당산성, 성황당산",20221230,image,역사/인물,N,image
10621,"부마의 집, 성북구 장위동 김진흥 가옥",생활문화,한국의 가옥,생활과 민속,생활,서울의 가옥,반가(양반집),"서울 성북구 장위동 김진흥 가옥은 조선 제23대 순조의 셋째 사위인 남령위 윤의선이 지은 집이라고도 하고, 제27대 순종의 부마가 살던 집이라고도 한다. 따라서 가옥의 건축연대는 1865년과 1925년으로 나뉜다. 상류 주택의 격식이 잘 갖추어진 집으로, 서울특별시 민속자료 제25호로 지정되었다. 성북구는 여기서 시민들이 참여하는 전통 혼례식과 성년식을 개최하였다.",https://minio.nculture.org/amsweb-opt/multimedia_assets/247/72926/69023/c/장위동-김진흥가옥-내부_문화재청_제1유형-thumb.jpg,https://ncms.nculture.org/house/story/5103,서울특별시,성북구,서울특별시 성북구 돌곶이로34길 4-11,37.61619131,127.0519661,20200705,"덕온공주, 윤의선, 성북구 장위동, 김진흥 가옥, 윤용구",20221230,image,전통가옥; 생활/문화,N,image
10624,불교에 대한 인문학적 지식이 현학적으로 기록된 계룡산 갑사 사적비,역사문화유산,한국의 기록문화,문화유산,기타,충청도 대전 세종의 기록문화,금석자료,"충청남도 공주시 계룡면 갑사로에는 갑사(岬寺) 사적비가 세워져 있다. 이 비석은 갑사의 역사에 대해 소상히 기록하고 있다. 또한 갑사의 운영에 도움을 준 관료, 비석 제작에 관련한 인물들을 기록하였다. 불교의 역사와 사상적 특징 등에 대한 해박한 지식을 바탕으로 작성되었으며, 수사적 표현이 많고 다양한 전고들을 활용하였다는 점이 특징이다. 효종 10년인 1659년에 건립하여 오늘날까지 전해지고 있다.",https://minio.nculture.org/amsweb-opt/multimedia_assets/144/72528/65682/c/계룡산-갑사-사적비_문화재청_제1유형-(1)-thumb.jpg,https://ncms.nculture.org/archival/story/5173,충청남도,공주시,충남 공주시 계룡면 갑사로 567-3,36.36607983,127.1864456,20200708,"계룡산, 갑사, 사적비",20221230,image,,N,image
10625,"병자호란 속 가족을 피난시켰던 여성의 기록, 남평조씨 병자일기",역사문화유산,한국의 기록문화,문화유산,기타,충청도 대전 세종의 기록문화,종이자료,"충청남도 공주시에 있는 국립공주박물관에는 『병자일기』가 소장되어 있다. 『병자일기』는 병자호란 당시 남이웅(南以雄)의 부인인 조애중(曺愛重)이 병자호란의 경험을 바탕으로 쓴 일기이다. 1636년 12월 16일부터 1640년 8월 9일까지의 기록을 담고 있다. 오늘날 전하는 여성 작가의 한글 일기 중 창작연대가 밝혀진 최초의 작품이다. 또한, 전란 당시 민간의 생활사를 소상히 담고 있다는 점에서 문화적 가치가 매우 높다.",https://minio.nculture.org/amsweb-opt/multimedia_assets/102/72485/65590/c/남평조씨-병자일기-속지_문화재청_제4유형-thumb.jpg,https://ncms.nculture.org/archival/story/5176,충청남도,공주시,충남 공주시 관광단지길 34,36.46552912,127.1121799,20200708,"병자호란, 공주사대부가여성, 남평조씨, 병자일기",20221230,image,,N,image
10626,"자녀를 원하는 사람들의 기도처, 안양 삼막사 남녀근석",역사문화유산,한국의 석조문화,문화유산,조각,생활/민속 석조문화,입석/선바위/미륵바위,"성기숭배는 남녀의 생식기를 닮은 바위에 종교적 의미를 부여하여 숭배하는 민속신앙의 한 형태이다. 성기숭배의 형태는 남근숭배, 여근숭배, 남녀근숭배 등으로 나타난다. 성기숭배는 자녀기원과 자손의 행운을 기원하는 것과 마을의 풍농?평안, 해상의 안전?풍어를 기원하는데 목적이 있다. 삼막사 남녀근석은 신라 문무왕때 원효대사가 삼막사를 세우기 이전부터 신앙의 대상이었다. 삼막사 남녀근석에는 지금도 사월초파일과 칠월칠석이 되면 인근에서 사람들이 올라와 자녀출산과",https://minio.nculture.org/amsweb-opt/multimedia_assets/73/73274/71541/c/%EC%9E%90%EB%85%80%EB%A5%BC-%EC%9B%90%ED%95%98%EB%8A%94-%EC%82%AC%EB%9E%8C%EB%93%A4%EC%9D%98-%EA%B8%B0%EB%8F%84%EC%B2%98%EC%9D%B8-%EA%B2%BD%EA%B8%B0%EB%8F%84-%EC%95%88%EC%96%91%EC%8B,https://ncms.nculture.org/stonecraft/story/5180,경기도,안양시,경기 안양시 만안구 삼막로 478,37.43461184,126.9361391,20200709,"남녀근석, 성기숭배, 자녀기원, 민속신앙, 기자신앙, 안양 삼막사",20221230,image,민속/의례,N,image
10627,옥정지구 택지개발로 선돌근린공원으로 옮겨진 양주옥정리선돌,역사문화유산,한국의 석조문화,문화유산,조각,생활/민속 석조문화,입석/선바위/미륵바위,"양주옥정리선돌은 경기도 양주시 옥정동 616번지 선돌근린공원 내에 있다. 옥정동이라는 지명은 옥동리의 ’구슬 옥(玉)‘자와 냉정리의 ’우물 정(井)‘자에서 차용한 것이다. 옥정리 선돌은 옥정리 입구 구릉 하단부에 두 개의 선돌이 마주보고 있었다. 선돌은 납작한 사각형 돌에 끝이 뾰족한 기둥의 형태이다. 옥정리에는 옥정리 선돌 외에도 청동기 시대의 옥정리 지석묘, 원삼국 시대의 옥정리 유물산포지 2곳, 삼국시대의 옥정리 야철지와 독바위 보루성, 조선시대의",https://minio.nculture.org/amsweb-opt/3ds/167/84522/84522_thumbnail.jpg,https://ncms.nculture.org/stonecraft/story/5184,경기도,양주시,경기 양주시 옥정동 616,37.82143033,127.0811476,20200709,"지석묘, 유물산포지, 독바위보루, 한근수사당, 양주 옥정리, 선돌근린공원",20221230,image,불교/문화유산,N,image
10631,미군 레이더 기지로 운영되면서 없어진 철원 소이산 봉수,역사문화유산,한국의 관방문화,문화유산,건축유적,강원도 관방유적,봉수,"강원도 철원군 철원읍 사요리에 있는 소이산(324m) 정상에 봉수대가 있었다. 소이산 정상에 오르면 철원평야가 사방으로 넓게 퍼져 있으며, 대응봉수와 연락을 취하기에 가장 좋은 위치임을 알 수 있다. 소이산 봉수는 『세종실록지리지』에도 기록되어 있으며, 함경도로부터 서울까지 이어지는 내지봉수였다. 대응봉수는 북으로 토빙산 봉수(吐氷山烽燧)에 응하고 남으로 할미산 봉수에 응했다.",https://minio.nculture.org/amsweb-opt/3ds/127/84482/84482_thumbnail.jpg,https://ncms.nculture.org/fortress/story/5279,강원도,철원군,강원 철원군 철원읍 사요리 산 1,38.25507722,127.1879754,20200721,"소이산봉수, 백마고지, 노동당사, 미군레이더기지",20221230,image,,N,image
10634,이익의 학문과 사상을 담은 경남 밀양 성호선생문집 책판,역사문화유산,한국의 기록문화,문화유산,기타,경상도 대구 울산 부산의 기록문화,목재자료,1917년 경상남도 밀양시 부북면 퇴로리에서 성호 이익의 문집을 간행하기 위한 책판이 제작되었다. 성호 이익은 실용적인 학문을 주장한 조선 후기의 실학자이다. 성호선생문집은 1774년 70권으로 간행되었다. 1800년대에 재편되어 여러 차례 간행이 시도되었으나 거듭 실패를 겪다가 1917년에 50권으로 간행되었다. 성호선생문집책판은 밀양시립박물관에 소장되어 있다.,https://minio.nculture.org/amsweb-opt/multimedia_assets/6/72390/65400/c/이익-성호전집-목판_문화재청_제1유형-thumb.jpg,https://ncms.nculture.org/archival/story/5328,경상남도,밀양시,"경남 밀양시 밀양대공원로 100 밀양시립박물관,독립운동기념관",35.50296509,128.7593643,20200723,"성호, 이익, 성호선생문집, 퇴로리, 밀양시립박물관",20221230,image,,N,image
10636,조선시대 한양의 강우량을 측정하다. 서울 청계천 수표,역사문화유산,한국의 석조문화,문화유산,조각,생활/민속 석조문화,표석,"청계천은 조선시대에도 비가 적은 시기에는 건천이지만 우기에는 홍수가 날 정도로 유량의 차이가 큰 하천이었다. 청계천은 도성의 한가운데 위치했기 때문에, 청계천의 범람은 인근지역의 수몰과 인명피해로 이어졌다. 따라서 청계천의 유량을 측정하는 것이 중요한 일이었으며, 세종은 청계천 정비 과정에서 수표를 설치하여 수위를 측정하게 하였다. 오늘날 서울 청계천 수표는 세종대왕기념관에서 소장하고 있다. 원래는 수표동 수표교 옆에 설치되어 있었는데, 1960년에 장",https://minio.nculture.org/amsweb-opt/multimedia_assets/65/72449/65508/c/서울-청계천-수표_문화재청_제1유형-thumb.jpg,https://ncms.nculture.org/stonecraft/story/5482,서울특별시,동대문구,서울 동대문구 회기로 56 세종대왕기념관,37.59099289,127.0427032,20200806,"청계천, 수표교, 수표, 세종대왕기념관, 하천 범람 예방",20221230,image,역사/인물,N,image
10638,"우리 실정에 맞는 의학서, 인천 가천박물관 소장 향약제생집성방",역사문화유산,한국의 기록문화,문화유산,기타,경기 인천의 기록문화,종이자료,"인천 가천박물관에 소장되어 있는 『향약제생집성방』은 우리나라에서 구할 수 있는 약재로 질병을 치료하는 방법과 처방을 모아 간행한 의서이다. 기존의 향약 관련 의서를 대신하기 위해 조선시대 의료기관인 제생원에서 권중화, 김희선, 조준 등이 함께 편찬했다. 이후 세종 15년(1433)에 간행된 『향약집성방』에도 영향을 주었다. 현재 일부만 남아 있지만 고려시대부터 조선시대 의학의 발전 과정을 확인할 수 있는 중요한 기록물이라는 점에서 의미가 있다.",https://minio.nculture.org/amsweb-opt/multimedia_assets/105/72488/65597/c/향약제생집성방-본문_문화재청_제1유형-(1)-thumb.jpg,https://ncms.nculture.org/archival/story/5626,인천광역시,연수구,인천광역시 연수구 청량로102번길 40-9,37.41847997,126.6576026,20200816,"향약, 의서, 제생원, 향약집성방, 가천박물관",20221230,image,,N,image
10640,"캠프 스탠리의 기지촌, 경기도 의정부 고산동 뺏벌",생활문화,우리마을이야기,자연과 지리,마을경관,한국의 독특한 마을,,"한국전쟁 이후에 생겨난 마을 가운데 하나가 바로 미군 기지촌이다. 미군 부대가 주둔하는 근처에 생기는 마을로 일자리가 많고, 미군들의 봉급날에는 뿌려지는 돈도 많아 외지인들이 많이 유입된다. 의정부 고산동의 기지촌은 캠프 스탠리의 주둔으로 생겼는데, 배가 많이 나는 마을이라 뺏벌이라 불렸다. 현재 뺏벌은 미군부대가 이전하면서 쇠락해버렸지만, 개발 논의가 나오고 있고, 주민들은 그 개발 논의에서 배제되지 않기를 바라고 있다.",https://minio.nculture.org/amsweb-opt/multimedia_assets/91/72770/68550/c/의정부-뺏벌-(1)-thumb.jpg,https://ncms.nculture.org/story-of-our-hometown/story/5724,경기도,의정부시,경기도 의정부시 고산동 산 116-1,37.71610763,127.0986532,20200821,"주한미군, 기지촌, 캠프 스탠리, 고산동 뺏벌",20221230,image,,N,image
10645,임진왜란 때 정기룡 장군이 혈전을 벌인 경남 사천의 사천읍성,역사문화유산,한국의 관방문화,문화유산,건축유적,경상남도 관방유적,성곽,"경상남도 사천시 사천읍 선인리와 정의리 일부, 수양공원 일대에 사천읍성이 있다. 사천읍성은 1442년에 왜구를 막고, 백성을 보호하기 위해 병조참판 신인손이 왕의 명으로 쌓았다고 한다. 임진왜란 때 왜군에게 점령당하는 아픔도 있었지만, 당시 조명연합군의 선봉장이었던 정기룡 장군에 의해 탈환된 역사를 갖고 있다. 현재 수양공원에 있는 성벽 일부를 복원하여 사천의 역사와 문화가 살아 숨 쉬는 시민들의 휴식공간으로 활용하고 있다.",https://minio.nculture.org/amsweb-opt/multimedia_assets/121/72255/65083/c/사천읍성_문화재청_제1유형-(1)-thumb.jpg,https://ncms.nculture.org/fortress/story/5887,경상남도,사천시,경남 사천시 사천읍 선인리 580-2,35.08385401,128.0937331,20200828,"사천읍성, 사천 수양공원, 병조참판 신인손, 정기룡 장군, 선진리왜성, 사천조명군총",20221230,image,,N,image
10647,"고등어라고 다 같은 고등어가 아니에요, 통영 고등어회",생활문화,향토음식,생활과 민속,생활,지역 향토 음식,,"자반고등어 구이는 한국인의 식탁에 일상적으로 오르내리는 음식이다. 하지만 국민생선 고등어를 회를 먹거나 살아있는 상태로 본 기억은 희미할 것이다. 이는 고등어가 성질이 급한 생선이기 때문이다. 그러나 고등어는 활어회로 먹을 때 그 진가를 알 수 있는 생선이다. 이를 확인하고 싶다면 겨울철에 통영으로 가보자. 통영 근처의 욕지도에 고등어 양식장이 있고, 거기서 공수해오는 활고등어회를 맛볼 수 있다.",https://minio.nculture.org/amsweb-opt/multimedia_assets/245/85690/92653/c/%EA%B3%A0%EB%93%B1%EC%96%B4%ED%9A%8C-%282%29_rev-thumb.jpg,https://ncms.nculture.org/food/story/6029,경상남도,통영시,경상남도 통영시 중앙시장1길 12-8,34.84519013,128.4245641,20200904,"고등어, 고등어회, 통영",20221230,image,,N,image
10649,해녀들이 노를 저으며 부르는 제주 함덕마을의 「이여도사나소리」,생활문화,노동요,생활과 민속,민속,제주도 노동요,수산노동요,"제주특별자치도 제주시 조천읍 함덕리는 조천읍에서 가구 수 및 인구수가 가장 많은 리이다. 한때 제주도 최대의 멸치어장이 형성되던 곳이었다. 이곳 해녀들이 소라·전복·해삼·멍게·성게 등의 해산물 채취를 위해 바다로 나갈 때 노를 저으며 부르는 노래가 「이여도사나소리」이다. 이 노래의 가창방식은 마을 및 제보자에 따라 차이가 있으나, 노랫말은 크게 다르지 않다. 살림의 어려움, 가족 간의 갈등을 이야기하다 용왕이나 서낭에게 물질 잘 되게 해달라고 마무리하는",https://minio.nculture.org/amsweb-opt/multimedia_assets/203/73138/70568/c/%EB%85%B8%EB%8F%99%EC%9A%94_%EC%A0%9C%EC%A3%BC%EB%8F%84-%ED%95%B4%EB%85%80-%EB%85%B8%EB%9E%98-thumb.jpg,https://ncms.nculture.org/labour-song/story/6067,제주특별자치도,제주시,제주특별자치도 제주시 조천읍 함덕리 831-3,33.53108294,126.6666955,20200904,"해녀, 이여도사나소리, 제주 함덕마을, 노젓는소리",20221230,image,노동/민요,N,image
6111,그림 - 한강을 따라 올라오는 적군을 감시하는 서울 홍련봉1~2보루,역사문화유산,한국의 관방문화,문화유산,건축유적,서울 관방유적,보루,"홍련봉은 땅콩 모양으로 가운데가 잘록하고 양쪽으로 작은 봉우리를 이루고 있다. 해발 125.1m의 남쪽 봉우리에 1보루가 있고, 해발 126.3m의 북쪽 봉우리에 2보루가 있다. 두 보루 사이는 약 150m 정도 떨어져 있다. 홍련봉보루에 오르면 송파구와 강동구 일대가 한눈에 들어온다. 그곳에는 한강과 풍납토성과 몽촌토성이 있다. 이 때문에 한강을 거슬러 오는 적을 관측할 수 있어 미리 전쟁에 대비하기 좋은 위치를 점하고 있다. 홍련봉보루 뒤로는 아차산",https://minio.nculture.org/amsweb-opt/multimedia_assets/160/72295/65160/c/홍련봉보루_문화재청_제1유형-(2)-thumb.jpg,https://ncms.nculture.org/fortress/story/6111,서울특별시,광진구,서울 광진구 광장동 381-65,37.55100815,127.0990208,20200908,"홍련봉, 홍련봉보루, 서울, 아차산",20230330,image,,N,image
6149,그림 - 전형적인 안동지역의 사대부가옥인 안동 학암종택,생활문화,한국의 가옥,생활과 민속,생활,경상도의 가옥,반가(양반집),"경상북도 안동시 풍산읍 오미리에 위치한 조선 중종대의 청백리 허백당(虛白堂)의 12대손인 학암(鶴巖) 김중휴(金重休, 1797~1863)가 분가하면서 지은 건물이다. 김중휴가 제릉참봉을 지냈기에 ‘참봉댁’이라고도 부른다. 안동지역에 보편적인 형태인 ㅁ자형 몸채로 ㄱ자형 안채를 중심으로 정면 하단에 ?자형 사랑채와 일자형 중간채에 연접해 있다. 안채 우측에는 4칸 규모의 곳간채가 있어 이 집의 경제적 부유함을 느낄 수 있다. 조선후기로 오면 사랑채 공간이",https://minio.nculture.org/amsweb-opt/multimedia_assets/63/85758/93046/c/안동-학암종택-(1)_rev-thumb.jpg,https://ncms.nculture.org/house/story/6149,경상북도,안동시,경상북도 안동시 풍산읍 오미리 248,36.59755216,128.5222435,20200908,"안동시,양반집,ㅁ자형구조,학암,김중휴,학암종택,참봉택",20230330,image,전통가옥,N,image
6482,그림 - 부산과 남포동 건어물 시장의 이야기를 담은 B.4291,생활문화,우리마을이야기,자연과 지리,마을경관,부산 마을 산책,,"부산 중구 남포동 건어물 도매시장에 있는 복합문화공간. 본래 건물은 1958년 건립된 수협 건어물 위판장이었다. 세월이 흘러 수협 위판장이 신축 자갈치 위판장 건물로 이전함에 따라 건물만 남게 되었고, 2019년 도시재생 프로젝트가 추진됨에 따라 남겨진 옛 건물의 외형을 살린 복합문화공간으로 재탄생했다. 소포장 된 건어물과 건어물을 모티프로 한 소품 등을 판매하며, 전시회나 제품설명회, 플리마켓 등도 열리고 있다.",https://minio.nculture.org/amsweb-opt/multimedia_assets/179/72563/65829/c/3-6.-%EB%B6%80%EC%82%B0-%EB%82%A8%ED%95%AD%EC%9D%84-%EC%A1%B0%EB%A7%9D%ED%95%A0-%EC%88%98-%EC%9E%88%EB%8A%94-2%EC%B8%B5-%EC%B9%B4%ED%8E%98-%EC%85%80-%EB%A1%9C%EC%8A%A4%ED%84%B0%EC%8,https://ncms.nculture.org/story-of-our-hometown/story/6482,부산광역시,중구,부산 중구 용미길10번길 1,35.09683833,129.0347275,20201005,"수산시장, 복합문화공간, 부산 남포동, B.4291",20230330,image,생활/문화,N,image
6539,그림 - 마을 입구와 중앙에 8기가 서 있는 경남 사천의 가산리 석장승,역사문화유산,한국의 석조문화,문화유산,조각,생활/민속 석조문화,석장승,"가산리 석장승은 경상남도 사천시 축동면 가산리에 세워져 있다. 가산리 마을에서는 가산리석장승을 ‘석장승’, ‘벅수’, ‘신장’, ‘수위신장’, ‘수호장승’ 이라고 부른다. 가산리 석장승은 모두 8기이며,  마을 입구 삼거리 양쪽에 남장승과 여장승이 각각 2기, 마을 중앙 당수나무 밑에 남장승과 여장승이 각각 2기가 세워져 있다. 당산제는 매년 정월 보름날 아침에 지내며, 당산제를 마치면 마을 중앙에 있는 장승에 장승제를 지내고, 다음으로 마을 입구에 있",https://minio.nculture.org/amsweb-opt/3ds/192/84547/84547_thumbnail.jpg,https://ncms.nculture.org/stonecraft/story/6539,경상남도,사천시,경상남도 사천시 축동면 가산리 626-1,35.08772584,128.042708,20201006,"당산제, 장승제, 조창, 가산창, 사천 가산리",20230330,image,,N,image
6589,그림 - 녹지 부족한 영통의 쉼터 수원어린이교통공원,생활문화,우리마을이야기,자연과 지리,마을경관,경기도 마을 산책,,"수원 영통에 위치한 수원어린이교통공원은 어린이 전용공원이면서 교통안전 교육의 장이기도 하다. 수원 영통의 경우 도시 개발로 아파트단지가 많다 보니 녹지가 부족한 편인데 어린이가 안전하게 놀 수 있어 부모와 아이들에게 모두 소중한 공간이다. 최근 수원어린이교통공원의 개발이슈는 도심의 주거지와 공용공간의 가치, 그리고 이를 대하는 공동체의 자세에 대해 생각하게 만든다.",https://minio.nculture.org/amsweb-opt/multimedia_assets/203/72587/65994/c/수원어린이교통공원-교육센터-thumb.jpg,https://ncms.nculture.org/story-of-our-hometown/story/6589,경기도,수원시,경기도 수원시 영통구 영통동 981-4,37.24540114,127.0638284,20201012,"수원 영통, 수원어린이교통공원",20230330,image,,N,image
6590,그림 - 자연의 미학을 그대로 담은 제주도 본태박물관,생활문화,우리마을이야기,자연과 지리,마을경관,제주도 마을 산책,,"제주도 본태박물관은 세계적인 건축가 안도 타다오가 설계한 건물로, 건물 자체로도 하나의 예술 작품과 같아 보러 갈 가치가 충분하다. 또 본태 박물관에는 세계적 설치 미술가 쿠사마 야요이의 상설전을 비롯해 다양한 전시회가 열린다. 이곳이 특별한 다른 이유는 현대미술품 전시와 더불어 설립자가 30년간 정성스레 수집한 전통공예 전시를 병행한다는 점이다. 제주도 방문 시에 꼭 추천하고 싶은 곳이다.",https://minio.nculture.org/amsweb-opt/multimedia_assets/204/72588/66000/c/%EB%B3%B8%ED%83%9C%EB%B0%95%EB%AC%BC%EA%B4%80-%EC%A0%84%EA%B2%BD2-thumb.jpg,https://ncms.nculture.org/story-of-our-hometown/story/6590,제주특별자치도,서귀포시,제주 서귀포시 안덕면 산록남로762번길 69,33.30395481,126.3925683,20201012,"현대미술, 본태박물관, 전통공예, 안도 타다오",20230330,image,예술/공예,N,image
6592,그림 - 벽초 홍명희가 유년시절을 보낸 괴산 동부리 고가,생활문화,한국의 가옥,생활과 민속,생활,충청도의 가옥,민가(서민집),"충청북도 괴산군 괴산읍 동부리에 있는 동부리 고가는 조선 후기 건립된 벽초 홍명희의 생가이다. ‘괴산동부리고가’, ‘일완 홍범식 고택’, ‘벽초 홍명희 생가’ 등으로 불린다. 괴산의 명문사대부가인 풍산 홍씨(?山洪氏)의 종가로, 홍명희의 부친 홍범식과 벽초의 생가이며, 벽초가 유년시절을 보내고, 3·1운동을 위해 괴산에서 만세운동을 모의했던 곳이다. 1730년(영조 6)에 건축된 것으로 추정되며, 좌우대칭의 평면구조를 갖는 중부지역의 살림집 건축양식을",https://minio.nculture.org/amsweb-opt/multimedia_assets/229/72629/66830/c/괴산-홍범식-고가-(1)-thumb.jpg,https://ncms.nculture.org/house/story/6592,충청북도,괴산군,충청북도 괴산군 괴산읍 임꺽정로 16,36.81377144,127.7950237,20201013,"임꺽정, 홍범식, 괴산 동부리 고가, 벽초 홍명희, 조선시대 소설가",20230330,image,,N,image
6617,"그림 - 여성 독립운동가 윤희순이 남긴 노래들, 윤희순 의병 가사집",역사문화유산,한국의 기록문화,문화유산,기타,강원도의 기록문화,종이자료,"『윤희순 의병 가사집』은 여성 독립운동가 윤희순이 의병들의 사기를 진작시키기 위해 지은 노래를 모아 만든 가사집이다. ?안사람 의병가?, ?병정의 노래? 등 수십 수의 가사가 수록되어 있다. 윤희순은 당시 사대부 아녀자의 신분으로 의병 활동을 적극적으로 지원하고, 대중들에게도 항일 의식을 고취시키는 등 구국활동에 전념한 인물이다. 특히, 일제에 저항하거나 의병들을 적극적으로 돕자는 내용의 가사를 지어 사람들에게 부르게 함으로써 의병들의 사기를 진작시키는",https://minio.nculture.org/amsweb-opt/multimedia_assets/197/72331/68587/c/%EC%9C%A4%ED%9D%AC%EC%88%9C-%EC%9D%98%EB%B3%91%EA%B0%80%EC%82%AC%EC%A7%91_%EB%AC%B8%ED%99%94%EC%9E%AC%EC%B2%AD_%EC%A0%9C4%EC%9C%A0%ED%98%95-thumb.jpg,https://ncms.nculture.org/archival/story/6617,강원도,춘천시,강원도 춘천시 강원대학길 1 강원대학교,37.86802431,127.7483874,20201013,"의병, 윤희순, 유홍석, 유인석, 대한독립단",20230330,image,전쟁/호국,N,image
6693,"그림 - 성문 밖에 세우는 정주목 같은 존재, 제주시 돌하르방",역사문화유산,한국의 석조문화,문화유산,조각,생활/민속 석조문화,석장승,"돌하르방은 제주특별자치도 제주시와 서귀포시 일대에 세워져 있는 석상이다. 돌하르방이라는 이름은 근래에 생긴 이름으로, 과거 제주도 주민들은 우석목, 무성목, 벅수머리, 돌영감, 수문장, 장군석, 동자석, 망주석, 옹중석 등으로 불렀다. 돌하르방은 관의 주도로 성문 밖에 세웠는데, 통금과 외부의 나쁜 기운을 방지하고자 세운 것으로 보인다. 기록에 의하면 영조 30년 제주에 흉년이 들자 굶어 죽은 사람들이 원귀가 되어 백성을 괴롭혀서 제주목사 김몽규가 중국",https://minio.nculture.org/amsweb-opt/multimedia_assets/137/72275/65121/c/돌하르방_문화재청_제1유형-(2)-thumb.jpg,https://ncms.nculture.org/stonecraft/story/6693,제주특별자치도,,,,,20201020,"돌하르방, 경계수호신, 완옹중, 우성목, 무성목",20230330,image,,N,image
6733,"그림 - 도학(道學)을 즐기던 전형적인 선비의 집, 안동 수곡고택",생활문화,한국의 가옥,생활과 민속,생활,경상도의 가옥,반가(양반집),"경상북도 안동시 풍천면 가곡리의 안동 수곡고택은 권보의 덕을 기리기 위해 지은 안동권씨 집안의 종택이다. 권세를 누리기 보다 은일(隱逸)을 택해 일생동안 학문에 심취해 검소하게 살았던 권보의 삶을 나타내듯 소박함과 은일함이 돋보인다. 화려한 팔작지붕 대신 맞배지붕을 얹어 소박함이 깃들어 있다. 전형적인 양반집으로 ㄷ자형의 안채와 일자형의 사랑채와 중간문채가 안동지역에서 유행하던 튼 ㅁ자형을 이루고 있다. 안채 보다 뒤편의 높은 곳에 사당을 짓고, 종택의",https://minio.nculture.org/amsweb-opt/multimedia_assets/62/85757/93034/c/안동-수곡고택-(1)_rev-thumb.jpg,https://ncms.nculture.org/house/story/6733,경상북도,안동시,경북 안동시 풍천면 가곡리 419,36.57411709,128.5263122,20201026,"안동권씨, 종택, 양반집, 권보",20230330,image,전통가옥,N,image
6820,그림 - 서불이 찾아와 세운 조천의 조천석,역사문화유산,한국의 석조문화,문화유산,조각,생활/민속 석조문화,입석/선바위/미륵바위,"조천석(朝天石)은 제주특별자치도 제주시에 있는데 홍수로 인한 피해를 막기위해 하늘에 기원하던 신앙적 성격의 조두석(俎豆石)이다. 조천석은 자연석인 경천암 위에 세워져 있었다. ‘경천’이란 ‘하늘을 받친다’는 의미로서, ‘하늘을 받쳐 하늘에서 쏟아져 내리는 재앙을 막는다’는 뜻을 지니고 있다. 조천석은 1960년대 산지천 복개 공사로 인하여 경천암에서 분리되어 제주대학교 박물관에 보관되었다가 복개가 끝난 후 현재 산지천 입구에 서 있다.",https://minio.nculture.org/amsweb-opt/multimedia_assets/240/85934/95034/c/%EC%A1%B0%EC%B2%9C%EC%84%9D-%283%29_rev-thumb.jpg,https://ncms.nculture.org/stonecraft/story/6820,제주특별자치도,제주시,제주특별자치도 제주시 일도1동 1203,33.51379135,126.5279334,20201110,"설화, 제주도, 조천, 서불, 조천석",20230330,image,이야기/설화,Y,image
6991,그림 - 시흥시 대표 전통시장 삼미시장,생활문화,우리마을이야기,자연과 지리,마을경관,경기도 마을 산책,,삼미시장은 경기도 시흥시 신천동에 위치한 시흥시 대표 전통시장이다. 30년의 역사를 자랑하는 이곳은 먹거리와 즐길거리가 풍성해 사람들이 많이 찾는다. 시장 입구에서는 예술인들의 길거리 연주도 감상할 수 있고 시장 안쪽으로 들어가면 시장 안에서 먹거리를 즐길 수 있는 포장마차 거리도 만날 수 있다. 시장이지만 마트처럼 시식코너도 있고 대형마트 못지않은 다양성을 띠고 있다. 날이 갈수록 전통시장이 사라지고 대형마트가 도시 곳곳에 자리잡고 있는 요즘 삼미시장,https://minio.nculture.org/amsweb-opt/multimedia_assets/55/73253/71499/c/삼미시장-입구풍경-thumb.jpg,https://ncms.nculture.org/story-of-our-hometown/story/6991,경기도,시흥시,경기 시흥시 삼미시장1길 19,37.44059311,126.7839352,20201221,"포장마차 거리, 시흥 삼미시장, 먹거리 장터",20230330,image,,N,image
7021,"그림 - 마쓰오 님과 나의 고향 진해!!, 그 속에 담긴 이야기",생활문화,우리마을이야기,자연과 지리,마을경관,경상남도 마을 산책,,"일제강점기 진해에서 13년 7개월 거주한 마쓰오 히로후미 님은 1911년 조부의 진해 이주부터 해방 후 마쓰오가 3대가 일본 귀환까지의 34년간의 진해에서의 일상생활, 역사적인 사건, 자연 풍경 등 다방면의 화제를 경험과 객관적인 사실에 근거하여 이야기한다. 이 원고에서는 이야기꾼 마쓰오 씨를 소개하고 그의 향토 이야기 중 한 편을 공유하고자 한다.",https://minio.nculture.org/amsweb-opt/multimedia_assets/84/73287/71594/c/4.1960%EB%85%84-%EC%B6%94%EC%A0%95%EC%9D%98-%EB%A7%88%EC%93%B0%EC%98%A4%EB%B0%95%EC%8B%A0%EB%8B%B9%28%EA%B0%80%EC%9A%B4%EB%8D%B0-%EA%B1%B4%EB%AC%BC%29-thumb.jpg,https://ncms.nculture.org/story-of-our-hometown/story/7021,경상남도,창원시,경남 창원시 진해구 대천동 3,35.1494586,128.6590929,20210104,"마쓰오박산당, 진해사령관",20230330,image,,N,image
7045,그림 - 300년 묵은 엄나무 아래 너럭바위에서 솟아오르는 인제 방동약수,생활문화,한국의 산과 샘,자연과 지리,자연환경,한국의 샘과 약수,강원도 지역의 샘과 약수,"방동약수는 해발 1,444m의 방태산 자락에 있는 300년 묵은 엄나무 아래 너럭바위 속에서 솟아나는 석간수이다. 방동약수는 조선 현종 때인 1670년 심마니가 현몽을 하고 발견되었으며, 물에는 탄산·철·불소·망간 등 여러 성분들이 있다. 특히 탄산 및 철분이 많이 들어있어 톡 쏘는 맛이 강한데, 이처럼 톡 쏘는 맛이 만성 위장병 치료와 소화 증진에 효과 있다고 알려져 있다.",https://minio.nculture.org/amsweb-opt/multimedia_assets/112/86566/97532/c/%ED%95%9C%EA%B5%AD%EC%9D%98-%EC%82%B0%EA%B3%BC-%EC%83%98_300%EB%85%84-%EB%AC%B5%EC%9D%80-%EC%97%84%EB%82%98%EB%AC%B4-%EC%95%84%EB%9E%98-%EB%84%88%EB%9F%AD%EB%B0%94%EC%9C%84-%EC%86%8,https://ncms.nculture.org/mountain-n-spring/story/7045,강원도,인제군,강원도 인제군 기린면 방동리 282-1,37.93639621,128.3830353,20210715,"심마니, 방동약수, 탄산약수, 석간수",20230330,image,자연/약수,N,image
7049,그림 - 한계령 옆의 필례계곡에 있는 인제 필례약수,생활문화,한국의 산과 샘,자연과 지리,자연환경,한국의 샘과 약수,강원도 지역의 샘과 약수,"필례약수는 필예약수, 필레약수 등 여러 이름으로 불리는 탄산약수로 점봉산 서쪽 산자락인 인제군 인제읍 귀둔리에 자리하고 있다. 필례약수는 1930년경에 지역에 살던 이가 우연히 발견하였다고 하는데 구체적인 내용은 전하지 않는다. 필례약수 자리는 원래 인가가 없었고 마을과 떨어져 있던 까닭에 도로 사정이 좋지 않았다. 그래서 일반인들이 방문하는 데에 불편함이 많았으나 1990년대에 도로를 포장하고 주변에 게르마늄 온천도 개발한 까닭에 승용차를 이용한 방문",https://minio.nculture.org/amsweb-opt/multimedia_assets/161/85357/85774/c/%EC%9D%B8%EC%A0%9C-%ED%95%84%EB%A1%80%EC%95%BD%EC%88%98-%285%29-thumb.jpg,https://ncms.nculture.org/mountain-n-spring/story/7049,강원도,인제군,강원도 인제군 인제읍 귀둔리 1029-10,38.072122,128.3702801,20210715,"탄산약수, 필례약수, 필례계곡, 필노령, 영화 태백산맥",20230330,image,자연/약수,N,image
7050,그림 - 함경도 출신 포수가 발견한 인제 개인약수,생활문화,한국의 산과 샘,자연과 지리,자연환경,한국의 샘과 약수,강원도 지역의 샘과 약수,"강원도 인제군 상남면에 있는 개인약수는 1,080m의 높은 지대에 자리하고 있으며, 철분·칼슘·칼륨·불소·마그네슘·나트륨·규소·구리·망간 등의 성분을 함유하고 있는 탄산수이다. 1925년 개성사람 김영식, 1956년 원주사람 김재희가 개인약수를 마신 덕에 위장병을 고쳤다고 하며, 이 소문은 널리 퍼져 지금도 개인약수터 근처에서 며칠씩 묵으며 위장병을 치료하는 이들이 있다. 개인약수는 2011년 1월 13일에 천연기념물 제531호로 지정되었다.",https://minio.nculture.org/amsweb-opt/multimedia_assets/229/85156/84598/c/189_%EC%9D%B8%EC%A0%9C-%EA%B0%9C%EC%9D%B8%EC%95%BD%EC%88%98_01_%EA%B0%95%EC%9B%90%EB%8F%84%EC%B2%AD_%ED%95%9C%EA%B5%AD%EB%AC%B8%ED%99%94%EC%A0%95%EB%B3%B4%EC%9B%90_%EC%A0%9C1%EC%9C%,https://ncms.nculture.org/mountain-n-spring/story/7050,강원도,인제군,강원 인제군 상남면 미산리 산1,37.86670375,128.385285,20210715,"민간신앙, 아기장수 설화, 약수터, 탄산약수, 개인약수",20230330,image,이야기/설화; 자연/약수,Y,image
7051,그림 - 강릉 8대 명당 터에 자리한 강릉 모학당 고택,생활문화,한국의 가옥,생활과 민속,생활,강원도의 가옥,반가(양반집),"강릉 모학당고택은 강릉 지역의 8대 명당 터의 하나로 안채를 보수하는 과정에서 발견된 상량문에 따르면 1818년(순조 18)에 건립되었다. 강원도 문화재자료 제60호인 강릉 모학당고택은 2017년 문화재 보호 조례에 따라 강릉 남진용가옥에서 강릉 모학당고택으로 명칭이 변경되었다. 전체적으로 ‘ㅁ’자형으로 배치된  구조로, 조선시대 전통 한옥의 변천과정을 살필 수 있는 귀중한 자료이다.",https://minio.nculture.org/amsweb-opt/3ds/201/86374/86374_thumbnail.jpg,https://ncms.nculture.org/house/story/7051,강원도,강릉시,강원도 강릉시 모산로 170-52,37.72650041,128.9039145,20210717,"모학당 고택, 강릉 8대 명당, 찰방댁, 강릉 남진용 가옥",20230330,image,전통가옥,N,image
7052,그림 - 조선시대 후기 ‘ㅁ’자 배치 형태의 강릉 수리골 고택,생활문화,한국의 가옥,생활과 민속,생활,강원도의 가옥,반가(양반집),"강원도 유형문화제 제79호인 강릉 수리골 고택은 강원도 강릉시 운정동에 위치한다. 문화재로 지정될 당시에는 강릉 심상진 가옥이었으나 2017년 지금의 명칭인 강릉 수리골 고택으로 변경되었다. 강릉 수리골 고택은 경포호수에 인접한 해운정과 담 하나를 사이에 두고 있으며, 사랑채와 안채의 모습은 전체적으로 ‘ㅁ’자 형태이다. 강릉 수리골 고택은 주변이 개발되면서 예전의 멋은 많이 사라진 상태이다.",https://minio.nculture.org/amsweb-opt/multimedia_assets/144/85590/90556/c/%EA%B0%95%EB%A6%89-%EC%88%98%EB%A6%AC%EA%B3%A8-%EA%B3%A0%ED%83%9D-%283%29-thumb.jpg,https://ncms.nculture.org/house/story/7052,강원도,강릉시,강원도 강릉시 운정길 123,37.78601966,128.8911012,20210717,"해운정, 수리골 고택, 강릉 심상진 가옥, 강릉 운정동",20230330,image,전통가옥,N,image
7053,그림 - 한국전쟁으로 소실된 가옥을 중건한 강릉 조철현 가옥,생활문화,한국의 가옥,생활과 민속,생활,강원도의 가옥,민가(서민집),"강릉 조철현가옥은 강원도 문화재자료 제87호로 지정되었으며, 학산리에 위치한다. 학산리는 학바위가 있어서 붙여진 이름으로 학산 오독떼기로도 유명한 마을이다. 강릉 조철현가옥은 강릉시 운산동에서 학산리로 이주한 본래 소유자의 조부에 의해 건축된 것으로, 한국전쟁 때 소실된 것을 1953년 조규팔이 어단리 편수인 홍대목에게 의뢰하여 중건한 것이다. 강릉 조철현 가옥은 ‘ㄷ’자형(안채+사랑채+곳간채) 배치에 팔작기와지붕이다.",https://minio.nculture.org/amsweb-opt/multimedia_assets/194/84846/83676/c/%EA%B0%95%EB%A6%89-%EC%A1%B0%EC%B2%A0%ED%98%84-%EA%B0%80%EC%98%A5_4_%EB%AC%B8%ED%99%94%EC%9E%AC%EC%B2%AD_%EC%A0%9C1%EC%9C%A0%ED%98%95-thumb.jpg,https://ncms.nculture.org/house/story/7053,강원도,강릉시,강원도 강릉시 구정면 범일로 267-11,37.71557284,128.8906654,20210717,"강릉 학산리, 조철현 가옥, 학산 오독떼기 마을, 학바위, 굴산사",20230330,image,전통가옥,N,image
7054,"그림 - 조선시대 대표 시인 허난설헌의 생가, 강릉 초당동 고택",생활문화,한국의 가옥,생활과 민속,생활,강원도의 가옥,반가(양반집),"강릉 초당동고택은 초당두부와 강문 진또배기로 유명한 초당동에 위치한다. 처음 문화재로 지정될 당시에는 강릉 이광노 가옥이었으나 2017년 전통가옥 지정명칭 변경에 따라 강릉 초당동고택이 되었다. 강릉 초당동고택은 조선시대를 대표하는 시인의 한 사람인 허난설헌이 출생한 집이다. 소나무 숲과 함께 어우러진 가옥의 배치가 아름답고, 후원과 사랑 마당에 넓게 자리한 정원은 전통적인 한옥의 특징을 잘 반영하고 있다.",https://minio.nculture.org/amsweb-opt/multimedia_assets/195/84847/83677/c/%EA%B0%95%EB%A6%89-%EC%B4%88%EB%8B%B9%EB%8F%99-%EA%B3%A0%ED%83%9D_1_%EB%AC%B8%ED%99%94%EC%9E%AC%EC%B2%AD_%EC%A0%9C1%EC%9C%A0%ED%98%95-thumb.jpg,https://ncms.nculture.org/house/story/7054,강원도,강릉시,강원도 강릉시 난설헌로193번길 1-16,37.79187467,128.9096474,20210717,"허균, 허난설헌, 초당동 고택, 강릉 이광노 가옥",20230330,image,전통가옥,N,image
7056,"그림 - 향촌 사대부가의 살림집, 이항로 선생 생가",생활문화,한국의 가옥,생활과 민속,생활,경기도의 가옥,반가(양반집),경기도 양평군 서종면 노문리의 벽계마을에는 조선 후기 성리학자였던 이항로 선생의 생가가 위치하고 있다. 경기도 시도유형문화재 제105호인 이항로 선생 생가는 본래 ‘ㄱ’자형 안채와 ‘ㅡ’자형 행랑채로 되어 있었는데 1994년 사랑채를 새로 건립하면서 가로로 긴 ‘ㅁ’자형의 주택 구조가 되었다. 이항로 선생 생가 내에 있는 벽계강당을 활용해 서당 체험프로그램을 진행한 바 있다.,https://minio.nculture.org/amsweb-opt/3ds/25/86448/86448_thumbnail.jpg,https://ncms.nculture.org/house/story/7056,경기도,양평군,경기도 양평군 서종면 화서1로 239,37.63987363,127.4270486,20210717,"이항로, 양평 노문리, 벽계마을, 벽계서당, 노산팔경",20230330,image,,N,image
7062,그림 - ‘광야’와 ‘청포도’의 시인 안동 이육사 생가,생활문화,한국의 가옥,생활과 민속,생활,경상도의 가옥,민가(서민집),경상북도 민속자료 제10호인 이육사 생가는 ‘광야’와 ‘청포도’로 유명한 시인 이육사가 태어난 집이다. 본래 경상북도 안동군 도산면 원천동에 있었으나 안동댐이 건설되면서 현재의 태화동으로 옮겨왔다. 이육사의 본명은 이원록으로 이육사는 대구교도소에서 받은 수감번호 264에서 취음한 것이다. 이육사 생가는 경상북도 안동 지역에서 일반적으로 보기 힘든 독특한 구조이다.,https://minio.nculture.org/amsweb-opt/3ds/227/86704/86704_thumbnail.jpg,https://ncms.nculture.org/house/story/7062,경상북도,안동시,경상북도 안동시 포도길 8,36.56858597,128.7080597,20210717,"독립운동가, 이원록, 이육사 생가, 안동 태화동, 264청포도 와인",20230630,image,전쟁/호국,N,image
7065,그림 - 청송지역의 민가 연구에 유용한 청송 성천댁,생활문화,한국의 가옥,생활과 민속,생활,경상도의 가옥,민가(서민집),"청송 성천댁은 문화재 지정 당시 이 집에 거주하던 할머니의 택호를 따서 ‘성천댁’이라 이름 붙였다. 국가민속문화재 제172호이다. 청송 성천댁은 집 가운데 마당이 있는 ‘ㅁ’자형의 집으로, ‘ㅁ’자형 지붕 사이로 마당 크기만큼 작은 하늘이 보인다. 청송 성천댁은 집의 평면구성과 마루 가구 구성 등이 특이하나 전체적으로 청송지역에서 흔히 볼 수 있는 가옥 배치 구조를 취하고 있다.",https://minio.nculture.org/amsweb-opt/3ds/210/86687/86687_thumbnail.jpg,https://ncms.nculture.org/house/story/7065,경상북도,청송군,경상북도 청송군 청송읍 서당길 12,36.39832688,129.0681673,20210717,"한옥체험, 뜰집, 청송 성천댁, 주왕산 성천댁",20230630,image,전통가옥; 역사/인물,N,image
7075,그림 - 독립운동가의 은신처였던 광주 최승효가옥,생활문화,한국의 가옥,생활과 민속,생활,광주의 가옥,민가(서민집),"최승효가옥은 1920년대 건축된 독립운동가 최상현의 집이다. 최상현의 둘째 아들이 지인의 사업을 돕기 위해 집을 담보로 보증을 섰다가 1977년 최승효에게 매매되었다. 최승효가옥은 800평의 부지에 자연 상태 그대로의 지형을 활용하여 건축한 것이 특징이다. 최승효가옥은 일제강점기 독립운동가들의 은신처로 활용되었으며, 개화기 당시 한옥의 변화과정을 살필 수 있다는 점에서 건축사적으로도 가치를 지니고 있다.",https://minio.nculture.org/amsweb-opt/multimedia_assets/236/84888/83930/c/최승효-가옥_문화재청_제1유형-thumb.jpg,https://ncms.nculture.org/house/story/7075,광주광역시,남구,광주광역시 남구 양촌길 29-4,35.14127915,126.9138809,20210717,"독립운동가, 광주 양림동, 최승효 가옥, 최상현",20230630,image,전쟁/호국; 전통가옥,N,image
7096,그림 - 예산의 대표적인 애국지사 수당 이남규의 생가 예산 수당고택,생활문화,한국의 가옥,생활과 민속,생활,충청도의 가옥,반가(양반집),"충청남도 예산군 대술면 상항리에 있는 예산 수당고택은 2014년 충청남도 문화재에서 국가민속문화재로 격상하였다. 예산 수당고택은 예산의 대표적인 애국지사인 수당 이남규가 살았던 집으로, 크게 안채, 사랑채, 행랑채로 구성되어 있다. 정조가 ‘문수(文藪)’라는 택호를 내렸다는 예산 수당고택은 건축학적으로나 역사적으로 중요한 가치를 지니고 있다. 예산군은 예산 수당고택을 활용한 다양한 사업을 진행하고 있다.",https://minio.nculture.org/amsweb-opt/3ds/152/86629/86629_thumbnail.jpg,https://ncms.nculture.org/house/story/7096,충청남도,예산군,충남 예산군 대술면 상항리 산 25-2,36.66825207,126.9250421,20210717,"이남규, 정조, 수당고택, 이승복",20230630,image,,N,image
7107,그림 - 1950년대 시장의 아낙네들을 판화로 담은 빌리 세일러,산업,시장,생활과 민속,생활,그림으로 보는 한국의 전통시장,상인을 그린 작가,일본에서 활동했던 독일 작가 빌리 세일러. 그는 1950년대 한국인의 삶을 담은 판화 작품을 남겼다. 그의 작품 속에 등장하는 한국인은 살아 있는 듯한 느껴진다. 특히 한국전쟁 후 가난했던 시절의 고된 삶과 전쟁에서 살아남았다는 안도의 평온함이 묘하게 교차하며 한 편의 영화를 보는 느낌이다. 그의 작품 중 한국의 시장 풍경을 그린 두 편의 작품은 여성을 전면 주인공에 배치함으로써 가난했던 시절 가족을 위해 희생하고 분투했던 이땅의 여성들의 치열했던 이야,https://minio.nculture.org/amsweb-opt/multimedia_assets/193/85116/84492/c/%EB%B9%8C%EB%A6%AC-%EC%84%B8%EC%9D%BC%EB%9F%AC_%EB%8B%A4%EC%83%89%EB%8F%99%ED%8C%90%ED%99%94%281%29_%EA%B5%AD%EB%A6%BD%EB%AF%BC%EC%86%8D%EB%B0%95%EB%AC%BC%EA%B4%80_%EC%A0%9C1%EC%9C%,https://ncms.nculture.org/market/story/7107,서울특별시,종로구,서울특별시 종로구 세종로 1-1,37.58084776,126.9768514,20210719,"시장, 어시장, 동판화, 빌리세일러, 에칭",20230630,image,예술/공예,N,image
7132,"그림 - 김재관 작가가 세운 현대미술 교류 플랫폼, 쉐마미술관",생활문화,지역 이색박물관,문화유산,기타,미술관이 선사하는 감동과 위로,아름다움을 노래하는 미술관,"쉐마미술관은 2009년 6월 26일 청주시 내수읍의 고즈넉한 농촌 풍경 속에서 30여 년간 대학 강단에서 후학을 양성했던 김재관이 문을 열었다. 쉐마미술관은 청주가 고향인 서양화가 김재관의 예술과 교육에 대한 열정으로 만들어진 동시대 미술 공간이다. 개관 이후 지역의 공공미술관으로 동시대 미술의 역동성을 담아 꾸준한 기획전을 개최하고 있다. 특히 지역 젊은 작가들의 활동을 독려하는 실험적인 작업과 다양한 나라와의 국제교류전, 동시대 작가와 연계한 교육프",https://minio.nculture.org/amsweb-opt/multimedia_assets/242/85438/87000/c/%EC%89%90%EB%A7%88%EB%AF%B8%EC%88%A0%EA%B4%80-%281%29-thumb.jpg,https://ncms.nculture.org/exotic-museums/story/7132,충청북도,청주시,충청북도 청주시 청원구 내수읍 내수로 241,36.69507095,127.4999486,20210721,"현대미술, 미술관교육, 김재관, 문화제조창, 쉐마(SCHEMA)",20230630,image,예술/공예,N,image
7133,그림 - 남서울미술관으로 탈바꿈한 구 벨기에 영사관,역사문화유산,근대문화유산,문화유산,건축유적,공간으로 읽는 근대문화 역사유산,,"남서울미술관은 대한제국기에 벨기에 영사관이었던 건물을 활용하고 있다. 구 벨기에 영사관은 1900년 벨기에가 대한제국의 수교국이 된 후 그 다음 해에  지어졌다. 당시 벨기에 영사관 총영사로 임명된 뱅카르가 서울특별시 중구 회현동에 부지를 선정하고 건물을 지었다. 수려한 외관을 갖춘 영사관은 대한제국의 외교권이 일본에 넘어가게 되면서 유명무실해졌다. 이에 영사관은 여러 차례 주인이 바뀌어 오다가 한국상업은행(현, 우리은행)이 서울시에 무상으로 임대하면서",https://minio.nculture.org/amsweb-opt/multimedia_assets/90/85012/84198/c/%EA%B5%AC-%EB%B2%A8%EA%B8%B0%EC%97%90-%EC%98%81%EC%82%AC%EA%B4%80_%EA%B1%B4%EB%AC%BC-%EC%A0%95%EB%A9%B4_%EB%AC%B8%ED%99%94%EC%9E%AC%EC%B2%AD_%EC%A0%9C1%EC%9C%A0%ED%98%95-thumb.jpg,https://ncms.nculture.org/legacy/story/7133,서울특별시,관악구,서울특별시 관악구 남부순환로 2076,37.47606183,126.9794667,20210721,"벨기에, 고전주의, 영사관, 남서울미술관",20230630,image,예술/공예,N,image
7135,"그림 - 근대 토목기술을 집약한 최초의 아치교, 대전육교",역사문화유산,근대문화유산,문화유산,건축유적,공간으로 읽는 근대문화 역사유산,"근대, 한반도에 발을 딛다","대전육교는 1969년 10월에 건설된 경부고속도로 시설물이며, 국내 최초이자 최고 높이를 자랑하는 아치형 교각이다. 대전광역시 대덕구 회덕동부터 충청북도 옥천군 군복면 증약리 구간을 연결하는 역할을 했다. 아치형 교각의 특성상 당시 기술로서는 매우 까다로운 공법이 사용되었는데 자본과 기술의 부족으로 여러 차례 붕괴 사고를 겪은 후에야 완공될 수 있었다. 우리나라 근대 토목기술 역량을 보여주는 대전육교는 그 가치를 인정받아 2020년 6월 24일에 국가등",https://minio.nculture.org/amsweb-opt/multimedia_assets/136/86304/96859/c/%EB%8C%80%EC%A0%84%EC%9C%A1%EA%B5%90-%288%29_rev-thumb.jpg,https://ncms.nculture.org/legacy/story/7135,대전광역시,대덕구,대전광역시 대덕구 비래동 4-8,36.35639408,127.4595674,20210721,"경부고속도로, 아치형교각, 길치근린공원",20230630,image,,N,image
7137,그림 - 조선후기 제철로와 국내 최초의 '전기로'를 볼 수 있는 충북 음성 ‘철박물관’,생활문화,지역 이색박물관,문화유산,기타,박물관이 전하는 세상의 모든 이야기,역사와 문화가 숨쉬는 박물관,"철박물관은 철의 역사와 철 문화를 주제로 하는 철전문 박물관으로 2000년 충북 음성 감곡면에 문을 열었다. 특히 문화재청 등록문화재 제556호 『전기로』와 조선시대 후기 제철유적이 이전·복원된 모습을 만날 수 있다. 철박물관은 약 6000여점의 유물을 소장, 전시하고 있으며, 잘 가꾸어진 조경도 일품이다. 또한 박물관의 핵심가치인 소통, 상상, 환경을 바탕으로 다양한 교육과 문화 행사를 통해 지역사회의 복합문화 공간으로의 역할을 하고 있다. 관람객은",https://minio.nculture.org/amsweb-opt/multimedia_assets/24/85470/88142/c/%EC%9D%8C%EC%84%B1-%EC%B2%A0%EB%B0%95%EB%AC%BC%EA%B4%80-%282%29-thumb.jpg,https://ncms.nculture.org/exotic-museums/story/7137,충청북도,음성군,충청북도 음성군 감곡면 영산로 360,37.09116101,127.6497515,20210721,"철, 철의 역사, 전기로, 충북 음성, 철박물관",20230630,image,,N,image
6117,"그림 - 봉수대가 있고, 도당굿이 열리는 서울 봉화산보루",역사문화유산,한국의 관방문화,문화유산,건축유적,서울 관방유적,보루,"서울의 봉화산은 서울특별시 중랑구의 4개 동 목동, 신내동, 상봉동, 중화동에 걸쳐 있는 해발 160.1m의 산이다. 이 산 위를 둘러 보루가 설치되어 있다. 봉화산은 곧바로 남산으로 대응하기에 아주 중요한 관방유적이었다. 봉화산 보루의 특징은 보루 안에 봉수대가 있었고, 도당굿을 행하고 있었다는 사실이다. 유적으로 보아 보루는 고구려 때 쌓은 것이고, 봉수대는 조선조에 시행한 것이며, 보루 안의 도당굿도 조선조 때 시작하여 400년 이상의 역사를 간직하고 있다.",https://minio.nculture.org/amsweb-opt/multimedia_assets/223/99881/134480/c/서울-봉화산_서울-봉화산-근린공원-및-둘레길-안내표지-thumb.jpg,https://ncms.nculture.org/fortress/story/6117,서울특별시,중랑구,서울 중랑구 묵동 산 46-19,37.60846047,127.0870071,20200908,"서울 봉화산보루, 봉화산봉수, 봉화산도당굿",20230630,image,,N,image
6130,그림 - 여진족과 왜구로부터 강릉을 지킨 강릉고려성,역사문화유산,한국의 관방문화,문화유산,건축유적,강원도 관방유적,성곽,"강릉고려성은 강원도 기념물 제79호로 강원도 강릉시 강동면 정동진리 508-1번지 일대의 괘방산 동쪽 끝 산봉우리에 축조된 테뫼식 산성이다. 괘방산은 해발 384m로 강릉시의 남쪽을 감싸고 있는 칠성산, 피래산, 청학산을 잇는 산줄기의 끝에 위치하며 강릉에서 남쪽으로 이어지는 동해안 교통로의 요충지에 있다. 강릉 고려성은 고려초기 여진의 침략과 고려 말기 왜구의 침략 등 여러 차례 침략을 겪으며 적의 침략에 대비하여 축성한 것으로 보인다.",https://minio.nculture.org/amsweb-opt/multimedia_assets/57/72193/64953/c/강릉고려성_문화재청_제1유형-(2)-thumb.jpg,https://ncms.nculture.org/fortress/story/6130,강원특별자치도,강릉시,강원 강릉시 강동면 정동진리 산 17,37.71144523,129.0066437,20200908,"강릉고려성, 삼한산성, 등명낙가사, 동여진, 왜구",20230630,image,,N,image
6146,그림 - 다양한 부속건물이 조화를 이룬 봉화 송석헌 고택,생활문화,한국의 가옥,생활과 민속,생활,경상도의 가옥,반가(양반집),"경상북도 봉화군 봉화읍 석평리에 안동권씨 소유의 송석헌 고택이 위치해 있다. 송석헌(松石軒)라는 당호는 벼슬아치와 연관된 사모바위, 복두바위, 나졸바위 등의 여러 바위와 그 주변에 수백년 묵은 소나무들에서 유래되었다. 동암 권이번(1678~1763)이 둘째아들 명신(1706~1778)에게 지어준 가옥이다. 권명신이 13세 되던 해 살림을 날 때 지어주었다. 경사가 심한 야산이 뒤에 있어 높은 기단을 쌓고 건물을 올렸기에 건물이 높고 크게 보이지만 기둥의 높이는 의외로 낮다. 이는 권명신이 벼슬을 하지 않았던 시절에 지었기에 가사규제가 적용되어 그렇다. 대문을 들어서면 정면에 사랑채가 자리하고, 그 우측 아래쪽에 2층 누각인 영풍루가 계단을 통해 연결되어 있다. 사랑채 우측 별도의 공간에 재실인 선암재를 두고, 후면에는 사당을 배치하였다. 사랑채 후면에는 안채를 ?자형으로 배치해 사랑채와 ㅁ자형의 구조를 이루었다. 조선후기 양반가가 갖추어야 할 건축적 요소와 제례와 예법이 지금까지 잘 지켜지고 있는 격조 높은 고택이다.",https://minio.nculture.org/amsweb-opt/multimedia_assets/162/72841/68788/c/봉화-송석헌-고택-별채_문화재청_제1유형-thumb.jpg,https://ncms.nculture.org/house/story/6146,경상북도,봉화군,경상북도 봉화군 봉화읍 선돌안길 10,36.8597276,128.730956,20200908,"영풍루, 선암재, ㅁ자형 가옥, 송석헌 고택, 영암재",20230630,image,전통가옥,N,image
6163,그림 - 구산리 지석묘의 표석으로 추정되는 전남 구례 구산리입석,역사문화유산,한국의 석조문화,문화유산,건축유적,생활/민속 석조문화,입석/선바위/미륵바위,"구산리입석은 전라남도 구례면 토지면 구산리 구만마을에 세워져 있다. 구산리입석이 있는 구만마을은 마을에 9만 가구가 살았다고 하여 구만(九萬), 혹은 아홉 물굽이가 모인 곳이라 하여 구만(九灣)이란 지명이 붙었다고 한다. 구산리입석은 높이 240cm, 상단 폭 110cm, 하단 폭 140cm, 두께 25~35cm의 크기이며, 전체적으로 네모지고 두툼한 모습의 판상석의 형태이다. 구산리입석이 구산리지석묘의 묘 표석 역할을 하는 것으로 추정하고 있다.",https://minio.nculture.org/amsweb-opt/multimedia_assets/106/72241/65054/c/구례-구산리-입석_문화재청_제1유형-thumb.jpg,https://ncms.nculture.org/stonecraft/story/6163,전라남도,구례군,전라남도 구례군 토지면 구산리 170,35.19736054,127.5234374,20200909,"구만마을, 지석묘, 마을신앙, 기자신앙, 구례 구산리",20230630,image,불교/문화유산; 민속/의례,N,image
6164,그림 - 왕의 명을 받아 세운 영암 소전머리 황장승,역사문화유산,한국의 석조문화,문화유산,조각,생활/민속 석조문화,석장승,"영암 소전머리 황장승은 전라남도 영암군 군서면 동구림리 433-3에 세워져 있다. 구림리라는 지명은 고려시대 도선국사의 탄생설화와 관련이 있으며, 동구림리는 국사암의 동쪽마을이라는 의미이다. 영암 소전머리 황장승에 관한 기록은 『동국여지승람』 「불우조」에 “도갑사 사하동 입구에 두 개의 입석이 있는데, 그 하나는 국장생 세 자가 새겨져 있고, 다른 하나에는 황장생 세 자가 새겨져 있다.”라고 되어 있다. 황장생의 ‘황’은 통일신라~고려시대에 왕의 명을 받아 세우는 장생에 붙는 말로 매우 귀한 글자이다.",https://minio.nculture.org/amsweb-opt/multimedia_assets/202/84305/83240/c/%EC%A0%84%EB%82%A8-%EC%98%81%EC%95%94%EA%B5%B0_%EC%98%81%EC%95%94-%EC%86%8C%EC%A0%84%EB%A8%B8%EB%A6%AC%ED%99%A9%EC%9E%A5%EC%8A%B92020-11-04-13.46.11-thumb.jpg,https://ncms.nculture.org/stonecraft/story/6164,전라남도,영암군,전라남도 영암군 군서면 동구림리 433-3,34.76080032,126.6339585,20200909,"도선국사, 영암 동구림리, 소전머리 황장승, 도갑사",20230630,image,역사/인물,N,image
6189,그림 - 이성계의 조선 건국 설화와 금산,생활문화,지역설화,"구비전승,어문학",어문학,경상도·대구·부산 지역의 전설,,남해 금산 보리암 동쪽 삼불암(三佛巖) 아래에 조선 태조기단이 있다. 이성계가 이곳에서 100일 동안 기도를 드린 끝에 산신령의 감응을 엄어 왕이 되었다는 전설과 이에 보은한다는 뜻에서 산 이름을 보광산에서 금산(錦山)으로 개명하였다고 전한다.,https://minio.nculture.org/amsweb-opt/multimedia_assets/217/85912/94750/c/%EB%82%A8%ED%95%B4-%EA%B8%88%EC%82%B0-%EB%B3%B4%EB%A6%AC%EC%95%94-%281%29-thumb.jpg,https://ncms.nculture.org/traditional-stories/story/6189,경상남도,남해군,경남 남해군 상주면 보리암로 665,34.75384865,127.9829946,20200909,"이성계, 조선건국, 금산",20230630,image,역사/인물,N,image
6249,"그림 - 43면의 그림으로 전하는 군사요충지로서의 제주, 탐라순력도",역사문화유산,한국의 기록문화,문화유산,기타,제주도의 기록문화,종이자료,"『탐라순력도』는 1702년 가을에 제주목사 이형상이 제주도를 순력하고 행사 장면과 제주도의 모습을 그림으로 남긴 화첩이다. 이형상은 약 한 달간 제주도를 돌아다니며 군사 시설 및 진상품 등을 점검하고, 순력을 마친 후 화공 김남길에게 명하여 각 장면들을 그림으로 그리게 하였다. 그리고 그림에 관한 내용을 직접 적어 43면의 화첩으로 완성한 것이 『탐라순력도』이다.",https://minio.nculture.org/amsweb-opt/multimedia_assets/139/72523/65671/c/%ED%83%90%EB%9D%BC%EC%88%9C%EB%A0%A5%EB%8F%84%28%EB%AA%A8%EC%8A%AC%EC%A0%90%EB%B6%80%29_%EC%A0%9C%EC%A3%BC%EB%AF%BC%EC%86%8D%EC%9E%90%EC%97%B0%EC%82%AC%EB%B0%95%EB%AC%BC%EA%B4%80_%EC%A0%9C4%EC%9C%A0%ED%98%95-thumb.jpg,https://ncms.nculture.org/archival/story/6249,제주특별자치도,제주시,제주특별자치도 제주시 일주동로 17,33.51361782,126.5488458,20200914,"순력, 탐라순력도, 제주목사 이형상, 화공 김남길, 한라장촉",20230630,image,,N,image
6252,그림 - 이인좌의 난을 막기 위해 의병을 일으킨 제주도 오흥태비,역사문화유산,한국의 기록문화,문화유산,기타,제주도의 기록문화,금석자료,"제주도 서귀포시 난산리에는 이인좌의 난을 막기 위해 의병을 모집하여 국가에 대한 충의를 지키고자 한 오흥태를 표창하고 세운 비석이 있다. 1728년 이인좌, 정희량 등이 역모를 일으켜 나라를 위협하자 오흥태는 의병을 모집하자는 글을 지어 제주도 모든 고을에 전달하였다. 의병이 출발하기 전에 역모가 진압되어 실질적인 공을 세우지 못했지만, 제주목사 심낙수가 그의 의로운 행적을 조정에 보고하여 사후에 표창을 받았다. 비석에는 오흥태의 행적, 표창 과정 등이 상세하게 새겨져 있다.",https://minio.nculture.org/amsweb-opt/multimedia_assets/230/85925/94944/c/%EC%98%A4%ED%9D%A5%ED%83%9C%EB%B9%84-%282%29_rev-thumb.jpg,https://ncms.nculture.org/archival/story/6252,제주특별자치도,서귀포시,제주특별자치도 서귀포시 성산읍 난산리 416-3,33.40090355,126.8789132,20200914,"이인좌의 난, 의병, 정려, 의사(義士)",20230630,image,전쟁/호국,N,image
6253,그림 - 황희의 선정을 기리는 강원도 삼척 소공대비,역사문화유산,한국의 기록문화,문화유산,기타,강원도의 기록문화,금석자료,강원도 삼척시에 소재한 「소공대비」는 황희가 백성들을 위해 선정을 펼친 것을 기념하기 위해 세운 비석이다. 1423년에 강원도 일대에 기근이 들어 백성들이 힘겹게 살고 있었다. 이때 황희가 임금의 명을 받고 강원도 관찰사로 부임한 후 백성들을 정성을 다해 보살폈다. 황희가 돌아간 후에도 백성들은 황희의 선정을 잊지 못하고 소공대를 지어 그리움을 달랬다. 이후에 소공대의 내력과 황희의 공적을 새긴 「소공대비」가 세워졌다.,https://minio.nculture.org/amsweb-opt/multimedia_assets/90/99998/137566/c/삼척-소공대비_삼척-소공대비-(1)_rev-thumb.jpg,https://ncms.nculture.org/archival/story/6253,강원특별자치도,삼척시,강원 삼척시 원덕읍 노곡리 산 67,37.22379672,129.3259423,20200914,"황희, 산양서원, 삼척 소공대비, 소공대, 삼척 기록문화",20230630,image,,N,image
6271,그림 - 남농 허건과 이은상 시인도 감탄한 세 가지 색의 배롱나무 숲,생활문화,지역설화,"구비전승,어문학",어문학,전라도·광주 지역의 전설,,"1930년경 방죽을 넓히면서 상당히 큰 백일홍 나무를 갖다 심었다. 당시 백일홍 나무는 4색이 나왔는데, 평화의 배롱나무는 붉은 백일홍과 흰 꽃의 백일백, 그리고 보랏빛과 푸른 빛이 나는 백일청으로 이뤄져 있다. 이를 본 노상 이은상이 백일홍 나무를 보고 극찬을 했고, 감탄했다. 남농 허건은 자신의 그림 소재로 삼았을 정도로 아름다운 소나무 네 그루와 백일홍, 동백나무가 어우러진 모습을 사용했다.",https://minio.nculture.org/amsweb-opt/multimedia_assets/249/97875/115056/c/장흥-배롱나무-숲_배롱나무-군락-(3)_rev-thumb.jpg,https://ncms.nculture.org/traditional-stories/story/6271,전라남도,장흥군,전라남도 장흥군 장흥읍 평화리,34.66309517,126.9148949,20200916,"남농허건, 노산이은상, 배롱나무숲",20230630,image,,N,image
6303,그림 - 명량해전의 승리를 기리는 전남 해남 명량대첩비,역사문화유산,한국의 기록문화,문화유산,기타,전라도 광주의 기록문화,금석자료,전라남도 해남군 문내면 동외리에는 이순신 장군의 공적을 기념하는 명량대첩비가 세워져 있다. 명량대첩은 1597년 이순신이 명량의 거센 물살을 이용해 왜군들에게 크게 승리한 전투이다. 비문은 1686년에 지어졌으나 비석은 2년 뒤인 1688년에 세워졌다. 현재에도 명량대첩축제와 명량대첩과 관련된 역사체험 프로그램이 진행되면서 이순신 장군의 공적이 기억되고 있다.,https://minio.nculture.org/amsweb-opt/multimedia_assets/110/72493/65608/c/%EB%AA%85%EB%9F%89%EB%8C%80%EC%B2%A9%EB%B9%84-%EC%B6%A9%EB%AC%B4%EC%82%AC_%EB%AC%B8%ED%99%94%EC%9E%AC%EC%B2%AD_%EC%A0%9C4%EC%9C%A0%ED%98%95-thumb.jpg,https://ncms.nculture.org/archival/story/6303,전라남도,해남군,전라남도 해남군 문내면 동외리 955-6,34.59255808,126.3104467,20200917,"명량, 이순신, 울돌목",20230630,image,,N,image
6308,"그림 - 주인 살리고 죽은 오수의 개, 전북 임실 의견비",역사문화유산,한국의 기록문화,문화유산,기타,전라도 광주의 기록문화,금석자료,"전라북도 임실군 오수면 오수리 원동산공원에는 주인을 살리고 죽은 의로운 개를 기념하기 위해 세운 의견비(義犬碑)가 있다. 의견비에는 불에 휩쓸려 죽을 위기에 처한 주인 김개인을 구하기 위해 온몸에 물을 적셔 불을 끄고 죽음을 맞이한 개의 이야기가 전해진다. 전라북도 임실군에는 의견비가 있는 원동산공원을 비롯해 오수의견공원, 김개인 생가 등 의로운 개와 관련된 장소가 많아 함께 둘러볼 만하다.",https://minio.nculture.org/amsweb-opt/3ds/75/84680/84680_thumbnail.jpg,https://ncms.nculture.org/archival/story/6308,전라북도,임실군,전라북도 임실군 오수면 오수리 332,35.5371156,127.3290244,20200917,"오수의견, 원동산공원, 오수의견공원, 김개인 생가, 오수의견문화제",20230630,image,,N,image
6311,"그림 - 상추를 튀기는 게 아니에요, 광주 상추튀김",생활문화,향토음식,생활과 민속,생활,지역 향토 음식,,"호남의 넓은 평야와 서해와 남해의 물자가 모이는 광주에는 우리가 흔히 먹는 고기 상추쌈과 조금 다른 모습의 별미가 있다. 그 이름은 상추튀김, 처음 듣는 사람들은 상추를 튀긴 모습을 연상하며 깻잎튀김과 같은 야채튀김이겠거니 짐작을 한다. 하지만 막상 광주에서 상추튀김을 접하면 전혀 의외의 모습에 깜짝 놀라기 마련이다.",https://minio.nculture.org/amsweb-opt/multimedia_assets/247/85692/92668/c/%EA%B4%91%EC%A3%BC-%EC%83%81%EC%B6%94%ED%8A%80%EA%B9%80-%281%29_rev-thumb.jpg,https://ncms.nculture.org/food/story/6311,광주광역시,북구,광주 동구 산수동 562-3,35.153787,126.9309569,20200917,"상추, 튀김, 분식, 오징어, 무등산",20230630,image,,N,image
6350,그림 - 조선 후기의 가곡문화를 살필 수 있는 협률대성,역사문화유산,한국의 기록문화,문화유산,기타,강원도의 기록문화,종이자료,"강원도 강릉시에 있는 선교장(船橋莊)에는 『협률대성(協律大成)』이 소장되어 있다. 『협률대성』은 조선 후기 가창 체제를 완비한 가집이다. 우조(羽調)와 계면조(界面調), 남·여창의 편집체제 및 연음표 악보 표기가 되어 있다. 이 가집은 강릉 선교장을 중심으로 조선 후기 가곡 문화가 생성, 향유되어 가는 양상을 살펴볼 수 있는 사료라는 점에서 의의가 있다.",https://minio.nculture.org/amsweb-opt/multimedia_assets/192/72326/65258/c/협률대성-등사본_국립한글박물관_제1유형-thumb.jpg,https://ncms.nculture.org/archival/story/6350,강원특별자치도,강릉시,강릉시 운정길 63 강릉 선교장,37.7872994,128.8845418,20200920,"강릉 선교장, 협률대성, 가곡 문화",20230630,image,,N,image
6427,그림 - 이야기가 있는 과천 남태령 옛길 따라 도보산책,생활문화,우리마을이야기,자연과 지리,마을경관,경기도 마을 산책,,"남태령에는 17세기 유몽인의 [어우야담]에 실려 있는 여우고개 이야기와 정조 대왕 능행차시 남태령으로 지명이 바뀌게 된 사연 등 많은 이야기들이 남아 있다. 현재 남태령 도로 옆에 조성되어 있는 남태령 옛길은 한양에서부터 삼남(경상, 전라, 충청)으로 통하는 대로였으며, 역사적으로는 정조 대왕이 아버지 사도세자를 모신 현륭원으로 행차하실 때 지나셨던 효행의 길로써 유서가 깊은 길이다. 남태령 옛길 따라 과천방향으로 산책을 하면서 평소 모르고 지나쳤던 숨어있는 우리 조상들의 정신과 얼이 담겨져 있는 문화유적지들을 탐방해 본다.",https://minio.nculture.org/amsweb-opt/multimedia_assets/169/72553/65774/c/%EA%B9%80%EB%A7%8C%EC%88%9C_1-%E2%91%A0-%EB%82%A8%ED%83%9C%EB%A0%B9-%EC%98%9B%EA%B8%B8-%ED%91%9C%EC%A7%80%EC%84%9D%28%EA%B0%80%EC%9D%84%29-thumb.jpg,https://ncms.nculture.org/story-of-our-hometown/story/6427,경기도,과천시,경기 과천시 중앙로 294 관문체육공원,37.44136421,126.9963457,20230101,"남태령, 여우고개, 3.1운동, 독립운동",20230930,image,전쟁/호국,N,image
6461,그림 - 조선 사대부들이 바위에 새긴 방선문 마애석각,역사문화유산,한국의 기록문화,문화유산,기타,제주도의 기록문화,금석자료,"신선이 방문하는 문이라는 의미를 지닌 제주 방선문은 수려한 경관을 자랑하는 제주도 명소 중 하나이다. 방선문은 한라산 등반을 하기 위해 지나가는 곳이었지만, 아름다운 풍경을 간직한 곳으로 소문이 나면서 많은 사람이 자연을 만끽하기 위해 찾아왔다. 조선시대 사대부들은 산수를 유람하면서 경치가 빼어난 곳을 방문하면 자신의 이름이나 시를 바위에 새겨 넣는 일이 많았다. ?방선문 마애석각」도 방선문의 경치를 보고 감탄한 사대부들이 남기고 간 흔적이라고 할 수 있다.",https://minio.nculture.org/amsweb-opt/multimedia_assets/228/85923/94927/c/%EB%B0%A9%EC%84%A0%EB%AC%B8-%EB%A7%88%EC%95%A0%EC%84%9D%EA%B0%81-%2811%29_rev-thumb.jpg,https://ncms.nculture.org/archival/story/6461,제주특별자치도,제주시,제주특별자치도 제주시 오라이동 3819-11,33.46485064,126.5168342,20230101,"백록담, 백사슴, 방선문 마애석각, 제주목사 이익태, 제주도 금석자료",20230930,image,불교/문화유산,N,image
6476,그림 - 이광사의 필체로 다시 걸린 전남 해남 대흥사 대웅보전 현판,역사문화유산,한국의 기록문화,문화유산,기타,전라도 광주의 기록문화,목재자료,전라남도 해남군 삼산면 구림리 두륜산 자락에는 대흥사라는 사찰이 있다. 대흥사 대웅보전의 현판은 조선 후기의 명필 이광사가 쓴 것이다. 추사 김정희가 제주도로 유배가는 길에 대흥사에 들렀다가 대웅보전의 글씨를 보고 못마땅해 하며 이광사의 현판을 내리고 자신이 쓴 글씨로 걸게 하였다. 후에 유배를 마치고 많은 깨우침을 얻은 김정희는 지난날을 후회하며 자신이 쓴 현판을 내리고 원래 있던 이광사가 쓴 현판을 걸게 했다는 일화가 전한다.,https://minio.nculture.org/amsweb-opt/multimedia_assets/73/72748/68470/c/해남-대흥사-대웅보전_문화재청_제1유형-thumb.jpg,https://ncms.nculture.org/archival/story/6476,전라남도,해남군,전라남도 해남군 삼산면 구림리 799,34.47594619,126.6159903,20230101,"이광사, 대흥사, 대웅보전, 김정희",20230930,image,,N,image
6477,"그림 - 글자와 그림이 어우러진 8폭 병풍, 삼척 황승규 문자도",역사문화유산,한국의 기록문화,문화유산,기타,강원도의 기록문화,종이자료,"강원도 삼척시 성남동 삼척시립박물관에는 민화 작가 황승규의 작품인 효제문자도(孝悌文字圖)가 소장되어 있다. 문자도는 글자의 뜻과 관련이 있는 이야기의 내용을 글자의 획에 그림을 그린 것이다. 황승규는 이규황으로부터 민화를 배워 주로 효제문자도를 많이 그렸다. 황승규의 효제문자도는 화려하고 생동감 넘치면서도 그림과 글씨가 조화를 이루는 것으로 이름이 높다. 황승규는 근현대 삼척의 서예계를 대표하는 민화 작가 중 한 사람으로, 삼척시립박물관, 국립춘천박물관 등에서 그의 작품을 감상할 수 있다.",https://minio.nculture.org/amsweb-opt/multimedia_assets/195/72329/65265/c/황승규-산수도8폭병풍_강릉시-오죽헌시립박물관_제4유형-thumb.jpg,https://ncms.nculture.org/archival/story/6477,강원특별자치도,삼척시,강원도 삼척시 성남동 167-8,37.43890186,129.1584272,20230101,"황승규, 이규황, 효제문자도, 삼척시립박물관",20230930,image,,N,image
6498,"그림 - 사진명소가 된 벽화마을, 두멩이 골목",생활문화,우리마을이야기,자연과 지리,마을경관,제주도 마을 산책,,"제주시 일도2동의 두멩이 골목은 낡은 일상의 공간이 미술 프로젝트에 의해 아름다운 벽화와 꽃담이 어우러진 예술적 골목으로 재탄생된 숨겨진 사진명소이다. 오래된 골목에 공공 미술의 옷을 입히자 추억에 활기를 더해 생동감 넘치는 장소가 되었다. 꽃과 나비 등의 자연과 개구쟁이 아이들의 모습, 소소한 일상의 행복이 벽화로 가득한 곳, 그래서 두멩이 골목은 골목의 가치를 아는 탐방객들이 물어물어 찾는 곳이다.",https://minio.nculture.org/amsweb-opt/multimedia_assets/185/72569/65866/c/%EB%91%90%EB%A9%A9%EC%9D%B4%EA%B3%A8%EB%AA%A9%EB%B2%BD%ED%99%94-thumb.jpg,https://ncms.nculture.org/story-of-our-hometown/story/6498,제주특별자치도,제주시,제주특별자치도 제주시 일도이동 1050-1,33.51216457,126.5349798,20230101,"두멩이 골목, 골목, 벽화, 두맹이 아지트, 벽화마을",20230930,image,,N,image
6502,그림 - 선인장 마을 제주 월령리,생활문화,우리마을이야기,자연과 지리,마을경관,제주도 마을 산책,,"한림읍의 가장 서쪽 끝에 위치하고 있는 월령리는 선인장을 키우고 그 열매로 소득을 이어나가는 산업을 주로 하는 마을이다. 이 선인장 군락이 유명해지면서 아름다운 주변환경, 산책길, 풍경발전기 등과 어우러져서 최근에 관광지로 각광을 받고 있고 선인장 열매 백년초는 선인장마을의 귀한 소득원이다.  마을 전체가 손바닥 모양의 선인장으로 둘러쌓여 선인장 꽃이 피는 곳, 이국적이고 독특한 분위기를 자아내는 월령리에 가보자.",https://minio.nculture.org/amsweb-opt/multimedia_assets/186/72570/65870/c/%EC%9B%94%EB%A0%B9%EB%A6%AC%EC%84%A0%EC%9D%B8%EC%9E%A5%EB%B0%AD-thumb.jpg,https://ncms.nculture.org/story-of-our-hometown/story/6502,제주특별자치도,제주시,제주특별자치도 제주시 한림읍 월령1길 1-1,33.37524574,126.2157207,20230101,"선인장, 제주 월령리, 선인장마을, 백년초",20230930,image,,N,image
6504,그림 - 섬의 머리 도두봉에 오르다,생활문화,우리마을이야기,자연과 지리,마을경관,제주도 마을 산책,,"화려하지는 않지만 잔잔한 삶을 비추며 근사한 풍경으로 제주인들과 함께 하는 오름이 있다. 도두봉은 해안선을 따라 우뚝 솟은 오름이라 하여 섬머리 오름이라고도 하는데 제주공항과 근접한 나지막한 오름으로 탁 트인 정상에 오르면 멀리 들어오는 해변과 공항, 도두항, 마을, 한라산 전경 등으로 유명하여 도민 뿐 아니라 많은 관광객들이 찾는 장소이기도 하다. 도두봉에 오르고 걷다보면 갇혀 있는 좁고 옹졸한 마음까지 열리고 넓어지는 힘을 얻을 수 있다.",https://minio.nculture.org/amsweb-opt/multimedia_assets/187/72571/65877/c/%EB%8F%84%EB%91%90%EB%B4%89%ED%95%B4%EC%95%88%EC%82%B0%EC%B1%85%EB%A1%9C-thumb.jpg,https://ncms.nculture.org/story-of-our-hometown/story/6504,제주특별자치도,제주시,제주특별자치도 제주시 도두일동 산 3-2,33.50814961,126.4681554,20230101,"도두봉, 제주  도두봉, 섬머리 오름, 산책길",20230930,image,,N,image
6506,"그림 - 시간이 멈춘 것 같은 베이커리, 제주도의 서울빵집",생활문화,우리마을이야기,자연과 지리,마을경관,제주도 마을 산책,,"제주시 애월읍의 작은 마을 하귀2리에는 1974년부터 영업을 시작한 서울빵집이 있다. 화려하고 모양 좋은 빵이 아닌 수수하고 투박해도 맛좋은 막걸리빵, 보리빵, 쑥찐빵 등을 만날 수 있는 곳, 서울빵집에는 저렴하면서도 정겹고 건강미 넘치는 빵들이 가득하고 서슴없이 이것도 먹어보라며 덤으로 넣어주시는 모습엔 푸근한 인간미가 넘친다. 온정이 흐르는 서울빵집에 가면 오래 전부터 시간이 멈춘 듯한 느낌을 받곤 한다.",https://minio.nculture.org/amsweb-opt/multimedia_assets/188/72572/65885/c/%EC%84%9C%EC%9A%B8%EB%B9%B5%EC%A7%91%EC%A0%84%EA%B2%BD-thumb.jpg,https://ncms.nculture.org/story-of-our-hometown/story/6506,제주특별자치도,제주시,제주특별자치도 제주시 애월읍 하귀로 66,33.48094216,126.4041659,20230101,"제주 서울빵집, 베이커리, 애월읍, 빵, 오래된 가게",20230930,image,,N,image
6518,그림 - 시민들의 휴식공간으로 활용되는 충남 공주의 월성산 봉수대,역사문화유산,한국의 관방문화,문화유산,건축유적,충청남도 관방유적,봉수,"월성산 봉수대는 충청남도 공주시 옥룡동에 소재한 월성산 정상에 있다. 이 봉수대는 조선 초기에 축조된 것으로 추정하며, 남쪽에 있는 논산 봉수대에서 올라오는 봉화를 받아 북쪽에 있는 고등산 봉수대로 연결했던 봉수대이다. 현재 월성산 정상에는 복원된 봉수대가 있는데, 이 봉수대는 백제문화제 개막식에서 봉화를 재현하기 위해 축조된 것이다.",https://minio.nculture.org/amsweb-opt/multimedia_assets/121/73050/69739/c/%EC%B6%A9%EB%82%A8-%EA%B3%B5%EC%A3%BC%EC%8B%9C_%EC%9B%94%EC%84%B1%EC%82%B0-%EB%B4%89%EC%88%98-%281%29-thumb.jpg,https://ncms.nculture.org/fortress/story/6518,충청남도,공주시,충남 공주시 소학동 산 69,36.44089011,127.1415945,20230101,"월성산 봉수대, 논산 노성산 봉수대, 고등산 봉수대, 백제문화제, 공주 봉수",20230930,image,,N,image
6520,그림 - 전국에서 최초로 복원된 경남 양산의 원적산 봉수대,역사문화유산,한국의 관방문화,문화유산,건축유적,경상남도 관방유적,봉수,"원적산 봉수대는 경상남도 양산시 상북면 석계리에 소재한 천성산에 있다. 이 봉수대는 조선 초기에 축조된 것으로 추정하며, 남쪽에 있는 부산의 계명산 봉수대에서 신호를 받아 북쪽에 있는 울산의 부로산 봉수대로 연결하던 봉수대였다. 원적산 봉수대는 일반적인 봉수대와는 달리 방호벽 안에 모든 시설을 다 갖춘 독특한 구조로 전국에 산재한 봉수대 가운데 최초로 복원된 봉수대이다. 현재 양산시는 원적산 봉수대 일대에 공원을 조성하는 사업을 진행하여 시민들을 위한 역사문화 공간으로 변모시키고 있다.",https://minio.nculture.org/amsweb-opt/3ds/225/100028/100028_thumbnail.jpg,https://ncms.nculture.org/fortress/story/6520,경상남도,양산시,경남 양산시 상북면 석계리 산 20,35.42147291,129.0732367,20230101,"천성산, 원적산, 원적산 봉수대, 위천 봉수, 부산 계명산 봉수대, 울산 부로산 봉수대, 원적산 봉수대 보존회",20230930,image,,N,image
6521,그림 - 전남지역에 유일하게 남아있는 왜성인 전남 순천의 순천왜성,역사문화유산,한국의 관방문화,문화유산,건축유적,전라남도 관방유적,성곽,"전라남도 순천시 해룡면 신성리에 순천왜성이 있다. 순천왜성은 정유재란 때 일본군이 전라도를 공격하기 위한 전진기지이자 최후의 방어기지로 활용하기 위해 쌓은 성곽이며, 전남지역에 유일하게 남아있는 왜성이다. 특히 순천왜성을 중심으로 2개월간 지속한 왜교성 전투는 임진왜란의 마지막 전투였던 노량해전으로 이어졌고, 이 해전을 끝으로 조선과 일본의 7년 전쟁은 마침표를 찍게 된다. 현재 순천왜성 인근에는 이순신 장군의 위패를 모신 충무사가 있고, 왜군의 원혼으로부터 백성들을 수호했던 장군의 이야기가 전해지고 있다.",https://minio.nculture.org/amsweb-opt/multimedia_assets/219/99877/134406/c/순천-순천왜성_순천-왜성-문지-안내표지-(1)-thumb.jpg,https://ncms.nculture.org/fortress/story/6521,전라남도,순천시,전남 순천시 해룡면 신성리 7,34.90725567,127.5811585,20230101,"왜교성 전투, 이순신 장군, 충무사, 임진왜란, 정유재란",20230930,image,전쟁/호국,N,image
6524,그림 - 해맞이 명소로 다시 태어난 서울의 개화산 봉수,역사문화유산,한국의 관방문화,문화유산,건축유적,서울 관방유적,봉수,"개화산 봉수는 서울특별시 강서구 개화동과 방화동 경계에 소재한 개화산 정상에 있다. 개화산 봉수는 전국의 다섯 개 봉수 노선 중 제5로의 마지막 봉수이며, 왜군의 침입을 조정에 알리는 역할을 했던 봉수였다. 북서쪽에 있는 김포 냉정산 봉수에서 신호를 받아 남동쪽에 있는 목멱산 봉수로 연결하였다. 현재 봉수가 있던 개화산 정상부에는 개화산 해맞이공원이 조성되어 많은 시민이 방문하는 휴식공간으로 활용되고 있다.",https://minio.nculture.org/amsweb-opt/multimedia_assets/38/98692/125475/c/서울-개화산-봉수대_개화산-봉수대-(1)_rev-thumb.jpg,https://ncms.nculture.org/fortress/story/6524,서울특별시,강서구,서울 강서구 개화동 산 91-5,37.58207232,126.8051481,20230101,"주룡산, 개화산, 개화산 봉수, 냉정산 봉수, 목멱산 봉수, 개화산 해맞이공원, 개화산 숲길, 봉화정",20230930,image,,N,image
6541,그림 - 인공적으로 다듬어 놓은 광주광역시 입석마을 입석,역사문화유산,한국의 석조문화,문화유산,조각,생활/민속 석조문화,입석/선바위/미륵바위,"입석마을 입석은 광주광역시 광산구 산수동에 세워져 있다. 입석마을 입석이 있는 입석마을은 황룡강 가장자리에 있다. 입석마을 입석은 화강암 재질로 만들었으며, 자연석 그대로가 아닌 사람의 힘으로 가공한 형태이다. 한국전쟁 이전에는 매년 정월 대보름에 입석에서 풍요와 복을 비는 마을 공동제사를 지냈었다. 전남의 입석들이 대체로 자연석이고, 마을 입구나 가운데 세워져 있는 것에 비해 입석마을 입석은 민가 마당에 있고, 인공적으로 다듬어 놓았다는 특이점을 보여주고 있다.",https://minio.nculture.org/amsweb-opt/3ds/248/84603/84603_thumbnail.jpg,https://ncms.nculture.org/stonecraft/story/6541,광주광역시,광산구,광주광역시 광산구 산수동 225,35.18279149,126.7478937,20230101,"산수동, 입석마을, 입석, 민목사, 불망비",20230930,image,,N,image
6583,그림 - 조선말기 시인과 묵객들이 풍류를 즐겼던 명월대,생활문화,우리마을이야기,자연과 지리,마을경관,제주도 마을 산책,,제주 서쪽 한림에는 조선말기 시인과 묵객들이 풍류를 즐기고 한량들이 주연을 베풀던 장소로 유명한 ‘명월대’가 있다. 자연암벽 위에 8각형의 석축을 3단으로 쌓고 그 위에 원형의 반석을 만든 명월대는 옛 선조들의 자취가 훼손되지 않도록 소중히 간직해 온 유서 깊은 문화재로 수려한 주변 경관과 어우러져 있으며 팽나무 군락으로도 유명해 멋과 운치가 넘치는 곳이다.,https://minio.nculture.org/amsweb-opt/multimedia_assets/197/72581/65942/c/%EB%AA%85%EC%9B%94%EB%8C%80-thumb.jpg,https://ncms.nculture.org/story-of-our-hometown/story/6583,제주특별자치도,제주시,제주특별자치도 제주시 한림읍 명월리 2223,33.38910986,126.2662013,20230101,"팽나무, 제주 명월대, 청풍명월, 유생",20230930,image,역사/인물,N,image
6584,그림 - ‘표해록’의 저자 장한철 산책로가 있는 한담공원,생활문화,우리마을이야기,자연과 지리,마을경관,제주도 마을 산책,,"감청색 에머랄드빛의 애월 한담공원과 해변산책로는 많은 이들의 사랑을 받는 길이다. 최근에는 해양문학의 백미인 『표해록』의 저자이자 한담마을에서 태어난 장한철을 기념하는 기적비와 산책로가 조성되었고, 그 가치와 의미를 전달하는 사업이 진행중이다. 이러한 배경을 알게 되면 단순히 풍경을 감상하는 것에 그치지 않고 애월 한담마을 주민들의 후대들을 향한 애정과 표해록에 담긴 도전정신이 잘 전해지길 바라며 걷게 된다.",https://minio.nculture.org/amsweb-opt/multimedia_assets/164/85859/94083/c/%EC%95%A0%EC%9B%94%ED%95%9C%EB%8B%B4%EA%B3%B5%EC%9B%90-%288%29_rev-thumb.jpg,https://ncms.nculture.org/story-of-our-hometown/story/6584,제주특별자치도,제주시,제주특별자치도 제주시 애월읍 애월리 2459,33.45969876,126.3108375,20230101,"표해록, 애월읍, 장한철, 산책로, 제주 한담공원",20230930,image,,N,image
6585,"그림 - 한라산신제를 올리는 곳, 산천단",생활문화,우리마을이야기,자연과 지리,마을경관,제주도 마을 산책,,지금도 제주의 무사안녕을 기원하는 한라산신제가 올려지는 산천단(山川壇)은 여러 제사를 봉행했던 유서 깊은 장소이다. 예로부터 농사의 재해예방을 기원하는 제사와 기우제를 올렸던 이곳은 소나무 숲으로 아름다울 뿐 아니라 탐라국 이래 한라산을 신성시하여 한라산신제를 올린 제주민들의 문화와 신앙을 엿 볼 수 있는 유적 중 하나이다. 또한 제주민의 고초를 덜어 준 선정과 청렴함의 목사 이약동의 행적을 알 수 있는 유적지이기도 하다.,https://minio.nculture.org/amsweb-opt/multimedia_assets/199/72583/65954/c/%EC%82%B0%EC%B2%9C%EB%8B%A8-thumb.jpg,https://ncms.nculture.org/story-of-our-hometown/story/6585,제주특별자치도,제주시,제주특별자치도 제주시 아라일동 375-4,33.44750495,126.5541572,20230101,"한라산신제, 이약동, 산천단, 곰솔나무, 제사",20230930,image,민속/의례,N,image
6594,그림 - 위계가 분명한 날개집 형태의 부여 여흥민씨 고택,생활문화,한국의 가옥,생활과 민속,생활,충청도의 가옥,반가(양반집),"충청남도 부여군 부여읍 중정리에 있는 여흥민씨 고택은 조선 후기에 건립한 가옥이다. 1829년에 크게 보수했다는 상량문으로 보아 그 전에 지어진 가옥이다. 호서지역에서는 드물지만 영남지역에서는 흔한 ㄸ자형 평면구조로, 전면에 ?자형으로 광채와 사랑채가 연결되어 있고, 뒷면에 T자형의 안채가 배치되어 있다. 안채와 사랑채 모두 우측이 삐죽하게 빠져나오는 공간을 두고 있어 ㅁ자형 중에서도 이런 집은 날개집이라 한다. 산 구릉에 위치해 있고, 앞으로는 왕포천이 서에서 동으로 감싸고 돌아 배산임수의 형국에 지어져 있다. 열 칸의 규모의 행랑채에 솟을대문이 설치되어 있고, 행랑채 보다 사랑채는 단을 높여 본채의 격을 높였다.",https://minio.nculture.org/amsweb-opt/multimedia_assets/208/99866/134105/c/부여-여흥민씨-고택_부여-여흥민씨-고택-대문채-전경-(3)-thumb.jpg,https://ncms.nculture.org/house/story/6594,충청남도,부여군,충청남도 부여군 부여읍 중정리 537-1,36.26583107,126.9229659,20230101,"부여 여흥민씨 고택, 날개집, ㅁ자형 가옥, 백제관, 한옥체험",20230930,image,전통가옥,N,image
6595,그림 - 자연과 하나되고자 했던 은일함을 추구한 대전 회덕 동춘당,생활문화,한국의 가옥,생활과 민속,생활,대전의 가옥,반가(양반집),"대전광역시 대덕구에 있는 회덕 동춘당은 조선후기 송준길이 머물던 별당이다. 동춘당(同春堂)이란 송준길의 호로 ‘살아 움직이는 봄과 같아라’라는 뜻이다. 송준길(宋浚吉, 1606∼1672)은 조선 효종 때 대사헌, 이조판서, 병조판서를 두루 지낸 인물로, 낙향하여 이곳에서 학문을 연마하고 후학을 양성했다. 당대 유학의 거장인 우암 송시열이 쓴 동춘당 현판은 보물 209호로 지정되어 있다. 소박한 규모에 담을 낮게 만들어 인간도 자연의 일부라는 동춘당의 사상이 그대로 투영된 공간이다. 빛의 양을 계산해 방향마다 창문의 크기를 달리한 선조의 지혜가 돋보이고, 굴뚝 대신 연기 구멍을 뚫어 은일함을 추구했다.",https://minio.nculture.org/amsweb-opt/multimedia_assets/110/84715/83389/c/%EB%8C%80%EC%A0%84-%EB%8C%80%EB%8D%95%EA%B5%AC_%EB%8C%80%EC%A0%84%ED%9A%8C%EB%8D%95%EB%8F%99%EC%B6%98%EB%8B%B92020-10-09-10.07.04_1-thumb.jpg,https://ncms.nculture.org/house/story/6595,대전광역시,대덕구,대전광역시 대덕구 동춘당로 80,36.364994,127.4414399,20230101,"송준길, 송시열, 대전 회덕 동춘당, 동춘당 고택, 은진송씨, 별당",20230930,image,역사/인물,N,image
6596,그림 - 아담하고 짜임새 있는 안동 하회 염행당 고택,생활문화,한국의 가옥,생활과 민속,생활,경상도의 가옥,반가(양반집),"경상북도 안동시 풍천면 하회리에 위치한 서애 유성룡의 9대손인 애운(厓雲) 류치목(柳治睦, 1771~1836)이 분가하며 지은 가옥이다.  하회리 남촌마을의 대표적인 양반가옥으로 대문채, 몸채, 새사랑채, 사당, 별당으로 구성된 규모가 큰 상류주택이었다. 1954년에 화재로 몸채와 새사랑채가 소실되었기에 2010년도에 후손들이 방앗간채와 몸채를 복원했다. 안채와 사랑채의 구들 연기를 하나의 큰 굴뚝으로 뽑아낼 정도로 뛰어난 건축기술로 지어졌다. 하회의 대표적인 두 가옥인 북촌댁과 비교할 때에 웅걸(雄傑)한 북촌댁과 달리 남촌댁은 아담하고 짜임새 있다는 평을 받고 있다.",https://minio.nculture.org/amsweb-opt/multimedia_assets/74/85769/93144/c/하회마을-염행당-(1)_rev-thumb.jpg,https://ncms.nculture.org/house/story/6596,경상북도,안동시,경상북도 안동시 풍천면 하회남촌길 60-5,36.53803796,128.5187156,20230101,"남촌댁, 염행당, 풍산류씨, 안동 하회마을",20230930,image,,N,image
6602,"그림 - 200년이 넘은 초가집, 태안 상옥리 가영현 가옥",생활문화,한국의 가옥,생활과 민속,생활,충청도의 가옥,민가(서민집),"충청남도 태안군 태안읍 상옥리에 백화산을 뒤로 하고 건립된 200년 된 초가집이다. 흙담에 우진각 형식으로 초가를 얹은 전형적인 민가로 집 앞에는 넓은 농지가 펼쳐져 있어 농가의 살림집 분위기가 나지만, 이 집은 농가가 아니라 청빈의 덕목을 구현하고 있는 선비의 집이다. 이 집 주인은 15대째 이곳에서 거주한 소주 가씨 집안이다. 넓은 대지에 200년 전 몸채를 지었고, 이후 1940년대까지 부속 건물을 덧대어지으며 ㅁ자로 완성된 초가집이다. 돌을 정교하게 쌓은 담, 담 사이에 불뚝 솟은 굴뚝, 그리고 초가지붕이 조화를 이룬다.",https://minio.nculture.org/amsweb-opt/multimedia_assets/143/73072/69969/c/%EC%B6%A9%EB%82%A8-%ED%83%9C%EC%95%88%EA%B5%B0_%ED%83%9C%EC%95%88%EC%83%81%EC%98%A5%EB%A6%AC%EA%B0%80%EC%98%81%ED%98%84%EA%B0%80%EC%98%A5-%286%29-thumb.jpg,https://ncms.nculture.org/house/story/6602,충청남도,태안군,충남 태안군 태안읍 상옥리 816,36.77703042,126.3167893,20230101,,20231230,image,,N,image
6615,"그림 - 고승 신미와 세조의 글, 상원사 중창 권선문",역사문화유산,한국의 기록문화,문화유산,기타,강원도의 기록문화,종이자료,"『상원사 중창 권선문』은 1464년 강원도 상원사를 새로 지을 때 작성된 두 첩의 글을 말한다. 현재 강원도 평창군 월정사에 소장되어 있다. 두 편의 글은 고승 신미와 세조가 작성한 것으로 임금의 만수무강을 빌고, 백성들에게 부처님의 자비가 두루 미치길 바란다는 내용을 담고 있다. 상원사를 중창에 널리 참여할 것을 알리고 필요한 물자의 시주를 권하는 모연문의 성격을 지닌 글이라고 하여 『상원사 중창 권선문』이라고 부른다.",https://minio.nculture.org/amsweb-opt/multimedia_assets/174/72309/65213/c/평창-상원사-중창권선문-수결-및-인기부분_문화재청_제1유형-thumb.jpg,https://ncms.nculture.org/archival/story/6615,강원특별자치도,평창군,강원 평창군 진부면 오대산로 176 월정사성보박물관,37.71884927,128.6029578,20230101,"오대산, 상원사, 월정사, 신미, 세조",20231230,image,,N,image
6622,그림 - 피난 온 인조를 도와준 충청남도 공주시의 조왕동,생활문화,지명유래,"구비전승,어문학",지명유래,충청남도 지역의 지명유래,,"충청남도 공주시 우성면 동곡리에 ‘조왕동(助王洞)’ 또는 ‘조왕골’이라 부르는 마을이 있다. 조선시대 인조 때 이괄(李适)이 난을 일으켰다. 인조는 공주시 인근으로 피난을 왔다. 동곡리에 도착해 ‘노숙(盧潚)’이라는 사람의 집 앞에서 하룻밤 묵어갈 것을 청했다. 인조가 노숙의 집에 머무르는 동안 이괄의 난이 모두 평정되었다. 한양으로 돌아간 인조는 이괄의 난으로 인한 피해들을 모두 복구하고, 자신이 공주로 피난 갔을 때 며칠 동안 따뜻하게 대해주던 노숙과 동곡리 마을 사람들이 떠올랐다.",https://minio.nculture.org/amsweb-opt/multimedia_assets/122/73051/69741/c/%EC%B6%A9%EB%82%A8-%EA%B3%B5%EC%A3%BC%EC%8B%9C_%EC%A1%B0%EC%99%95%EB%8F%99_%EC%A1%B0%EC%84%A0%EC%9D%B8%EC%A1%B0%EC%9E%84%EA%B8%88-%EA%B3%B5%EC%A3%BC-%ED%8C%8C%EC%B2%9C-%EA%B8%B0%EB%85%90%EB%B9%84-%282%29-thumb.jpg,https://ncms.nculture.org/origin-of-place-names/story/6622,충청남도,공주시,충남 공주시 우성면 동곡리 321-5,36.50453076,127.1011208,20230101,"충청남도, 인조, 이괄, 조왕동, 설화, 전설, 지명유래",20231230,image,역사/인물; 이야기/설화,Y,image
6634,그림 - 퇴계 선생과 기생과 매화,생활문화,지역설화,"구비전승,어문학",어문학,경상도·대구·부산 지역의 전설,,도산서원에는 여러 가지 나무들이 심어져있는데 봄에 피는 매화에는 전해지고 있는 전설이 있다. 퇴계 선생이 단양군수로 있을 때 퇴계 선생을 좋아했던 기생이 있었다. 그 기생은 퇴계 선생에게 음식과 옷 등을 갖다주며 마음을 표현했지만 선생은 마음을 거절하였다. 기생은 선생의 종에게 그가 좋아하는게 뭐냐고 물었더니 종은 ‘매화’라 하였다. 기생은 종을 시켜 세상에서 가장 아름다운 매화를 찾아오라고 시키고 그 매화를 퇴계 선생에게 주었다. 퇴계 선생은 매화를 단양군청에 심어 지금의 매화나무가 자리잡게 되었다.,https://minio.nculture.org/amsweb-opt/multimedia_assets/244/97870/114973/c/안동-도산서원_도산서원-가는길_rev-thumb.jpg,https://ncms.nculture.org/traditional-stories/story/6634,경상북도,안동시,경상북도 안동시 도산면 토계리 680,36.72711452,128.8434247,20230101,"퇴계 이황, 기생, 매화, 도산서원",20231230,image,,N,image
6679,그림 - 조선후기 개성파 화가 최북,생활문화,지역문화예술인,종교와 문화,문화예술,미술,,"최북은 조선후기 중인 출신의 화가이다. 본관은 무주(茂朱)이고, 1712년에 태어나서 1759년에 삶을 마감했다. 대표적인 작품으로 「풍설야귀인」, 「여름날의 낚시」, 「공산무인」 등이 있다. 그는 메추라기를 잘 그려서 최메추라기라는 별명이 붙기도 했으나 산수화가 가장 능했다. 최북은 강세황과 더불어 심사정과 정선 다음의 대가로 꼽혔다. 그의 작품들은 산수, 화조, 초충 등 다양하며 심사정과 강세황의 남종화풍을 많이 따랐다. 최북은 거칠고 자유로운 그의 기질과 상통하는 대담하고도 파격적이고 개성있는 작품 세계를 이룩하였다.",https://minio.nculture.org/amsweb-opt/multimedia_assets/188/73117/70357/c/%EC%A0%84%EB%B6%81-%EB%AC%B4%EC%A3%BC%EA%B5%B0_%EA%B9%80%ED%99%98%ED%83%9C%EB%AC%B8%ED%95%99%EA%B4%80-%EC%B5%9C%EB%B6%81%EB%AF%B8%EC%88%A0%EA%B4%802020-10-09-12.57.36-thumb.jpg,https://ncms.nculture.org/local-artist/story/6679,전라북도,무주군,전라북도 무주군 무주읍 최북로 15,36.003043,127.6652665,20230101,"호생관, 미치광이, 남종화풍, 최북",20231230,image,,N,image
6689,"그림 - 수십 개의 성혈이 새겨진 바위들, 울주 방기리 알바위",역사문화유산,한국의 석조문화,문화유산,조각,생활/민속 석조문화,입석/선바위/미륵바위,"방기리 알바위는 울산광역시 울주군 삼남면 방기리에 있다. 방기리의 유래는 방씨들이 많이 살았던 곳, 또는 통도사에 방문한 신도들에게 방을 빌려주는 곳이라고 한다. 알 모양의 구멍들이 있는 바위를 알바위라 하는데, 바위의 구멍들은 돌 표면을 쪼아서 형태를 잡은 후 회전마찰을 통해 다듬은 것이다. 울산대학교 반구대암각화유적보존연구소에 의하면 방기리 알바위에는 전체 180개의 성혈이 새겨져 있으며, 이중 46개는 선으로 연결된 형태이며 이는 특별한 의미를 나타내는 암각화로 보인다고 하였다.",https://minio.nculture.org/amsweb-opt/3ds/199/84554/84554_thumbnail.jpg,https://ncms.nculture.org/stonecraft/story/6689,울산광역시,울주군,울산 울주군 삼남면 방기리 444-14,35.50621269,129.0878194,20230101,"알바위, 암각화, 울주 방기리 알바위, 울주군 방기리, 성혈",20231230,image,,N,image
6690,그림 - 통도사 사원전의 경계와 소유권을 표시한 울주 상천리 통도사 국장생 석표,역사문화유산,한국의 석조문화,문화유산,조각,생활/민속 석조문화,표석,"울주 상천리 통도사 국장생 석표는 울산광역시 울주군 삼남면 상천리에 세워져 있다. ‘상천(象川)’은 취성천의 모양이 코끼리 코처럼 굽었다고 하여 붙여진 지명이다. 울주 상천리 통도사 국장생 석표는 양산에 있는 사찰 통도사의 토지?풍수?방액 등을 위해 세운 경계석이며, 장생에 ‘국’자를 넣은 것은 국가의 명에 의해 건립된 장생임을 의미한다. 사찰에 지급되는 사원전의 경계와 소유권을 표시한 것이다. 통도사는 신라 승려 자장율사가 창건한 사찰로 경상남도 양산시 하북면 영축산에 있는 우리나라 삼보사찰 가운데 하나인 불보 사찰이다.",https://minio.nculture.org/amsweb-opt/3ds/200/84555/84555_thumbnail.jpg,https://ncms.nculture.org/stonecraft/story/6690,울산광역시,울주군,울산 울주군 삼남면 상천리 산 37-15,35.52085396,129.1099729,20230101,"통도사, 국장생, 석표, 울주군 상천리, 표석, 영축산",20231230,image,,N,image
6695,그림 - 할아버지탑과 할머니탑이라 불리는 대전 산디마을 탑,역사문화유산,한국의 석조문화,문화유산,조각,생활/민속 석조문화,석탑,"장동 산디마을 탑은 대전광역시 대덕구 장동 산디마을에 세워져 있는 탑이다. 자연석을 쌓아만든 2기의 탑은 할아버지탑과 할머니 탑으로 불리며, 장동 산디마을의 수호신 역할을 한다. 산디마을에서는 매년 음력 1월 14일 밤 마을의 우물 5군데를 돌며 샘고사를 지내고, 할아버지탑과 할머니탑으로 가 탑제를 지낸다. 마을 수호신에게 마을의 안녕과 풍년을 기원하며 지내는 마을 공동제사이다.",https://minio.nculture.org/amsweb-opt/multimedia_assets/168/72303/65197/c/%EC%9E%A5%EB%8F%99-%EC%82%B0%EB%94%94%EB%A7%88%EC%9D%84-%ED%83%91%EC%A0%9C_%EB%AC%B8%ED%99%94%EC%9E%AC%EC%B2%AD_%EC%A0%9C4%EC%9C%A0%ED%98%95-%281%29-thumb.jpg,https://ncms.nculture.org/stonecraft/story/6695,대전광역시,대덕구,대전광역시 대덕구 장동 640,36.39605193,127.4439269,20230101,"산디마을, 할아버지탑, 할머니탑, 대전 장동, 생태공원",20231230,image,,N,image
6738,그림 - 안내판만 남아있는 전라북도 익산의 소방산 봉수대,역사문화유산,한국의 관방문화,문화유산,건축유적,전라북도 관방유적,봉수,"소방산 봉수대는 전라북도 익산시 함라면 함열리에 소재한 봉화산에 있다. 이 봉수대의 축조 시기는 고려말로 추정하며, 남서쪽에 있는 군산 불지산 봉수대에서 신호를 받아 북동쪽에 있는 광두원산 봉수대로 연결하는 역할을 하였다. 그러나 현재 봉수대는 등산로가 조성되면서 파괴되어 그 흔적조차 찾을 수 없으며, 함라면 주민들이 설치한 안내판만이 봉수대가 있었음을 대신하고 있다.",https://minio.nculture.org/amsweb-opt/3ds/74/84679/84679_thumbnail.jpg,https://ncms.nculture.org/fortress/story/6738,전라북도,익산시,전라북도 익산시 웅포면 송천리 산39,36.07184105,126.9047494,20230101,"함라산, 함열리 봉화산, 소방봉, 소방산 봉수대, 곰개나루, 함라산 둘레길",20231230,image,,N,image
6739,그림 - 본래의 이름을 되찾은 울산 울주의 서생 이길 봉수대,역사문화유산,한국의 관방문화,문화유산,건축유적,울산 관방유적,봉수,"서생 이길 봉수대는 울산광역시 울주군 서생면 나사리에 소재한 봉대산에 있다. 이 봉수대는 연변봉수로써 남쪽에 있는 기장 아이 봉수대의 신호를 받아 북쪽에 있는 하산 봉수대로 연결하는 역할을 하였다. 그리고 울산에 소재한 여덟 개의 봉수 중에서 원형이 가장 잘 남아있으며, 특히 연대 위에 있는 연소실은 전국에서 유일하여 연변봉수의 상부구조를 추측할 수 있는 중요한 사료로 평가된다.",https://minio.nculture.org/amsweb-opt/3ds/195/84550/84550_thumbnail.jpg,https://ncms.nculture.org/fortress/story/6739,울산광역시,울주군,울산 울주군 서생면 나사리 산 32-26,35.36182104,129.3411117,20230101,"나사리의 봉대산, 서생 이길 봉수대, 서생 나사 봉수대, 기장 아이 봉수대, 김정호의 대동여지도",20231230,image,,N,image
6741,그림 - 동서쪽에 함께 위치한 서울의 무악 봉수,역사문화유산,한국의 관방문화,문화유산,건축유적,서울 관방유적,봉수,"무악 봉수는 서울특별시 서대문구 봉원동에 있는 안산에 있다. 이 봉수는 산 하나에 두 개의 봉수가 있는데, 안산의 동쪽과 서쪽의 봉우리에 두 개의 봉수가 마주 보고 있다. 무악 봉수는 조선 초기에 축조한 것으로 추정되며, 두 봉수 모두 일제강점기와 한국전쟁을 거치면서 모두 파괴되었고, 동쪽에 있는 봉수만이 1994년 서울 정도 600년을 기념하여 복원되었다. 한편 무악 봉수는 겸재 정선이 그린 경교명승첩의 안현석봉에서도 그 모습을 확인할 수 있다.",https://minio.nculture.org/amsweb-opt/multimedia_assets/224/99882/134499/c/서울-무악-봉수_무악-봉수-(1)_rev-thumb.jpg,https://ncms.nculture.org/fortress/story/6741,서울특별시,서대문구,서울특별시 서대문구 신촌동 2-206,37.57018008,126.9507412,20230101,"안산, 모악산, 무악산, 무악 봉수, 겸재 정선, 경교명승첩의 안현석봉, 안산 자락길",20231230,image,,N,image
6790,그림 - 11년의 역사를 지워버린 전북 진안 사립 화동학교,생활문화,우리마을이야기,자연과 지리,마을경관,전라북도 마을 산책,,"전북 진안군 주천면에 1908년 사립 화동학교가 세워졌다. 2020년 기준 112년이 된 이 학교는 그러나 11년 역사를 지우고 공립 주천초등학교가 되었다. 그 이유는 화동학교를 중심으로 3.1만세 운동이 일어났기 때문이다. 화동학교의 자취는 제1회 화동학교 졸업생이 가지고 있는 12쪽 짜리 유인물 ‘화동’을 통해 유추해볼 수 있으며, 이 유인물에는 전북 최초의 학교운동가도 수록되어 있다.",https://minio.nculture.org/amsweb-opt/multimedia_assets/63/72738/68325/c/%EC%A7%84%EC%95%88-%EC%A3%BC%EC%B2%9C%EC%B4%88%EB%93%B1%ED%95%99%EA%B5%90-thumb.jpg,https://ncms.nculture.org/story-of-our-hometown/story/6790,전라북도,진안군,전라북도 진안군 주천면 주양리 466,35.97627061,127.426442,20230101,"독립운동, 주천초등학교, 진안 화동학교, 학교운동가",20231230,image,전쟁/호국,N,image
6801,"그림 - 순천농협 양곡창고의 변신, 조곡동 브루웍스",생활문화,우리마을이야기,자연과 지리,마을경관,전라남도 마을 산책,,"전남 순천 조곡동에 있는 양곡창고를 리모델링하여 탄생한 복합문화공간이다. 1993년부터 2010년대까지 곡물 저장창고로 사용했던 곳이 순천 도시재생 사업의 일환으로 커피와 수제맥주, 브런치 등의 식음료를 제공하고, 공연, 커피교육, 공간대여 등을 함께 하는 공간으로 탈바꿈했다. 청춘창고 등과 함께 순천시민들에게 인기 높은 문화공간이다.",https://minio.nculture.org/amsweb-opt/multimedia_assets/177/72562/65803/c/2-2.-%EB%B8%8C%EB%A3%A8%EC%9B%8D%EC%8A%A4-%EC%9E%85%EA%B5%AC-thumb.jpg,https://ncms.nculture.org/story-of-our-hometown/story/6801,전라남도,순천시,전라남도 순천시 역전길 61,34.9472602,127.498393,20230101,"복합문화공간, 도시재생, 카페, 순천 브루웍스, 양곡창고",20231230,image,생활/문화,N,image
6811,그림 - 호랑이를 구해준 효자가 시묘살이 한 경상북도 안동시의 유빈골,생활문화,지명유래,"구비전승,어문학",지명유래,경상북도 지역의 지명유래,,"경상북도 안동시 녹전면 죽송리에 ‘유빈골’이라 부르는 곳이 있다. 영흥부사를 지낸 류빈(柳濱)은 아버지를 모실 자리를 정하지 못해 큰 시름에 빠져 있었다. 그 때 호랑이 한 마리가 홀연히 나타나 입을 크게 벌렸다. 류빈이 호랑이 목안을 자세히 보니, 큰 비녀가 한 개 가로질러 있었다. 류빈은 호랑이 목구멍에 손을 집어넣어 비녀를 꺼내주었다. 그 후 호랑이가 은혜를 갚기 위해 선친의 묫자리를 잡아주었다고 한다.",https://minio.nculture.org/amsweb-opt/multimedia_assets/101/73309/71676/c/%ED%98%B8%EB%9E%91%EC%9D%B4%EB%A5%BC-%EA%B5%AC%ED%95%B4%EC%A4%80-%ED%9A%A8%EC%9E%90%EA%B0%80-%EC%8B%9C%EB%AC%98%EC%82%B4%EC%9D%B4-%ED%95%9C-%EA%B2%BD%EC%83%81%EB%B6%81%EB%8F%84-%EC%95%88%EB%8F%99%EC%8B%9C%EC%9D%98-%EC%9C%A0%EB%B9%88%EA%B3%A8-thumb.jpg,https://ncms.nculture.org/origin-of-place-names/story/6811,경상북도,안동시,경상북도 안동시 녹전면 죽송리 산123,36.73541721,128.7631568,20230101,"설화, 안동 유빈골, 호랑이 유래담, 은혜갚은 동물, 풍수지리, 명당",20231230,image,이야기/설화; 생활/문화,Y,image
6823,그림 - 용머리와 호랑이 머리가 지켜준 강경 미내다리,역사문화유산,한국의 석조문화,문화유산,조각,생활/민속 석조문화,기타,"강경 미내다리는 충청남도 논산시 채운면 소재의 조선 후기 석교로, 강경 송만운과 황산 유승업 등이 축조했다. 1973년 충청남도 유형문화재 제11호로 지정되었다. 미내다리는 길이 30m, 너비 2.8m, 높이 4.5m인데 명칭과 관련하여 미내다리가 있는 하천을 미하(渼河)라고 불렀기 때문에 미내다리[渼奈橋]라고 하였다는 설과 ‘미내’라는 승려가 시주를 받아서 만들었다는 설의 내용이 비문에 기록되어 있다.",https://minio.nculture.org/amsweb-opt/multimedia_assets/241/99899/134868/c/강경-미내다리_강경미내다리-표석_rev-thumb.jpg,https://ncms.nculture.org/stonecraft/story/6823,충청남도,논산시,충남 논산시 채운면 삼거리 602-116,36.15332408,127.0309594,20230101,"용머리, 호랑이머리, 미내다리, 석조다리, 논산시 채운면, 강경촌",20231230,image,생활/문화,N,image
6825,그림 - 세초례(洗草禮)를 했던 세검정 차일암,역사문화유산,한국의 석조문화,문화유산,조각,생활/민속 석조문화,입석/선바위/미륵바위,"조선시대에는 왕이 죽으면 새로운 왕이 실록청이라는 기구를 임시로 만들고 사초를 모아서 정리를 하는데, 그 결과물이 『조선왕조실록』이다. 실록이 완성되면 실록의 토대가 되는 기초 사료인 사초를 세검정에 모여 정자 아래 흐르는 물에 씻어낸다. 이러한 의식을 세초례라고 한다. 세초례는 사초의 내용이 외부에 유출되는 것을 막기 위한 것이기도 하고 종이가 귀한 당시의 상황에서 재활용을 위한 것이기도 하였다. 세초례를 하던 바위에 차일을 치고 행사를 했기 때문에 바위의 이름을 차일암이라고 한다.",https://minio.nculture.org/amsweb-opt/multimedia_assets/130/19471/16135/c/19471-thumb.jpg,https://ncms.nculture.org/stonecraft/story/6825,서울특별시,종로구,서울 종로구 세검정로 244,37.60089311,126.9597046,20230101,"세초례, 세검정, 세초, 차일암, 종로구 신영동",20231230,image,,N,image
6836,그림 - 조선시대 찜질방 교동 고구리 한증막,역사문화유산,한국의 석조문화,문화유산,조각,생활/민속 석조문화,기타,"고구리 한증막은 인천광역시 강화군 교동면 고구리에 있는 조선 후기에 만들어졌을 것으로 추정된다. 교동에는 한증막이 고구리 외에도 봉소리, 서한리에도 존재하는 것으로 파악되고 있다. 고구리 한증막은 1960년대 말까지 주민들이 사용한 것으로 전해진다.",https://minio.nculture.org/amsweb-opt/multimedia_assets/217/98621/123858/c/인천-고구리-한증막_고구리-한증막-바닥-(1)_rev-thumb.jpg,https://ncms.nculture.org/stonecraft/story/6836,인천광역시,강화군,인천광역시 강화군 교동면 고구리 산233,37.78188583,126.2923281,20230101,"고구리, 찜질방, 한증막, 강화 교동도, 한의학",20231230,image,,N,image
6851,그림 - 남간사지 당간지주,역사문화유산,한국의 석조문화,문화유산,조각,불교 석조문화,기타,"남간사는 문무왕대 고승이었던 혜통이 주석했던 사찰로 알려져 있다. 당간지주는 사찰에서 부처님을 상징하거나 큰 법회 등의 행사를 위해 거는 그림을 공중에 매달기 위한 시설물이다. 현재까지 통일신라 이전의 당간지주 건립 사례는 확인되지 않고 있으며, 남간사지 당간지주는 통일신라 초 당간지주의 특징을 보여주는 사례로 주목된다.",https://minio.nculture.org/amsweb-opt/multimedia_assets/248/72382/65382/c/경주-보문사지-연화문-당간지주_문화재청_제1유형-thumb.jpg,https://ncms.nculture.org/stonecraft/story/6851,경상북도,경주시,경북 경주시 탑동 858-6번지,35.8137541,129.2170799,20230101,"남간사지, 당간지주, 경주 남간사, 당간",20231230,image,,N,image
